ID,ID_PERSONA,ID_PROPUESTA,FECHA_REGISTRO,FECHA_CANCELACION,FECHA_INICIO_ESTADIA,DURACION_CONTRATO,COSTO_TOTAL,CANTIDAD_PERSONAS,HAY_MULTA,VALOR_MULTA,ID_COLECTIVO
1,49,16,2016-05-17 07:31:19,2017-06-11 17:19:45,2018-01-22 18:06:29,19,275946.96,2,0,158876,
2,44,12,2016-02-16 12:52:41,2017-04-23 11:03:40,2018-02-22 09:29:01,42,227997.61,2,0,133437,
3,29,25,2016-06-13 10:09:03,2017-07-08 13:49:04,2018-01-09 13:29:43,27,191122.24,1,,,
4,47,20,2016-05-18 04:33:26,2017-04-21 08:08:40,2018-01-01 18:21:34,64,67724.45,1,1,145752,
5,34,14,2016-05-08 08:17:53,2017-05-08 20:07:14,2018-03-04 02:45:58,85,49477.32,2,,,135168
6,47,26,2016-07-08 15:50:19,2017-08-04 07:42:27,2018-02-05 00:13:19,61,129522.73,1,1,118612,
7,26,19,2016-01-16 16:12:17,2017-06-01 17:03:43,2018-01-25 09:59:38,30,318807.58,3,,,
8,16,11,2016-04-06 08:07:35,2017-04-01 12:14:31,2018-01-22 08:03:22,13,393137.82,2,,,
9,46,17,2016-03-31 16:46:52,2017-03-15 01:04:46,2018-01-29 04:26:56,16,260608.87,4,0,145732,
10,47,14,2016-04-13 22:21:05,2017-05-06 20:04:38,2018-01-03 09:44:11,17,35188.97,1,1,55412,
11,44,10,2016-06-09 13:16:53,2017-04-15 03:57:06,2018-03-01 04:42:56,91,320653.34,1,,,
12,24,13,2016-04-28 17:24:19,2017-04-27 13:11:53,2018-01-11 07:30:12,27,85290.97,2,0,50774,
13,22,13,2016-05-15 12:37:40,2017-06-29 06:32:54,2018-02-01 05:59:43,74,148754.89,2,,,
14,31,22,2016-03-20 18:41:35,2017-05-16 10:15:48,2018-01-12 09:34:47,95,160045.46,4,,,
15,50,18,2016-05-02 05:32:06,2017-05-14 10:30:35,2018-01-05 23:23:46,54,337652.44,1,,,
16,25,27,2016-03-21 03:24:23,2017-04-28 14:14:56,2018-01-06 21:09:24,29,345957.95,4,0,86595,
17,26,15,2016-03-08 00:06:08,2017-08-04 05:53:55,2018-02-02 22:40:06,49,319876.39,3,,,
18,17,26,2016-04-03 02:10:33,2017-04-22 23:18:50,2018-01-05 05:02:12,62,244868.35,4,0,53467,
19,30,23,2016-06-04 12:52:02,2017-03-26 00:49:12,2018-01-05 09:06:13,89,324620.91,2,,,
20,22,28,2016-06-28 23:32:37,2017-04-29 10:14:11,2018-02-17 06:56:44,84,34254.53,4,0,79936,
21,2,18,2016-03-18 20:11:55,2017-06-20 14:58:39,2018-02-01 15:52:59,25,49943.5,2,1,68737,
22,49,18,2016-02-29 11:49:08,2017-04-13 15:48:42,2018-03-13 02:21:26,94,263232.02,4,0,188890,183628
23,5,11,2016-04-25 15:49:36,2017-05-07 05:40:39,2018-03-14 03:11:17,18,92620.54,2,1,126679,
24,34,29,2016-04-26 20:45:35,2017-06-24 00:51:50,2018-03-06 10:52:38,99,300962.08,1,,,
25,44,29,2016-04-27 19:56:39,2017-06-01 07:04:00,2018-02-01 22:48:37,20,351105.04,2,1,124854,
26,40,30,2016-06-26 08:28:26,2017-04-06 16:05:41,2018-02-26 10:48:50,94,206557.05,3,1,192824,
27,30,14,2016-02-24 19:42:54,2017-04-04 12:52:06,2018-02-10 19:29:53,21,238685.31,4,0,171574,
28,11,19,2016-04-18 00:10:01,2017-04-25 08:52:24,2018-02-07 02:29:39,85,106315.92,3,1,129716,
29,17,24,2016-04-04 13:11:58,2017-04-28 05:49:33,2018-03-03 22:57:52,26,297070.94,1,,,
30,33,17,2016-02-24 21:17:02,2017-06-23 17:45:45,2018-03-07 05:51:56,27,305324.34,1,0,65763,
31,15,12,2016-03-08 00:57:30,2017-03-27 10:32:04,2018-01-01 00:56:55,73,46068.8,3,1,51185,
32,9,30,2016-06-27 10:08:56,2017-08-17 03:11:27,2018-01-30 17:28:07,61,86545.8,3,,,
33,14,26,2016-05-26 11:22:35,2017-04-23 10:23:30,2018-02-08 22:56:01,30,246876.0,3,0,140779,
34,17,13,2016-03-07 04:55:36,2017-04-12 23:42:01,2018-02-11 01:04:45,8,128696.98,3,1,87320,
35,29,13,2016-01-13 21:27:41,2017-06-07 00:36:16,2018-01-06 16:52:09,85,96252.22,4,0,145875,
36,50,21,2016-01-31 23:20:45,2017-04-14 12:55:01,2018-01-28 18:07:15,43,318178.73,3,1,176391,
37,9,29,2016-02-27 19:45:10,2017-06-17 10:17:24,2018-03-05 07:36:24,27,171580.1,3,,,
38,37,15,2016-04-17 09:44:20,2017-08-01 21:15:08,2018-01-27 01:39:33,71,371158.86,2,1,172674,
39,4,26,2016-06-25 20:37:58,2017-06-21 21:04:17,2018-01-27 10:04:15,32,109726.14,4,0,187490,
40,18,24,2016-06-06 06:49:11,2017-04-10 11:53:45,2018-01-10 09:51:09,64,199438.44,2,1,194452,
41,5,25,2016-05-01 22:22:05,2017-07-13 05:37:10,2018-01-14 19:49:20,5,102235.32,4,1,59200,
42,47,25,2016-06-30 18:00:20,2017-07-06 04:31:18,2018-01-30 13:19:49,70,164298.06,1,,,
43,5,10,2016-01-30 19:21:53,2017-07-04 20:28:26,2018-02-27 08:40:42,10,137230.52,2,1,115545,90546
44,1,21,2016-04-27 04:12:46,2017-07-18 13:48:37,2018-01-29 23:54:11,92,204076.01,1,,,
45,22,24,2016-05-28 14:45:53,2017-07-23 04:36:08,2018-01-12 20:04:10,82,91792.26,4,,,
46,39,20,2016-06-26 13:10:03,2017-07-24 08:51:36,2018-02-22 21:24:34,75,315075.26,4,,,
47,2,29,2016-06-29 12:57:12,2017-03-21 00:11:59,2018-02-15 14:21:54,48,161752.96,1,1,112066,
48,13,14,2016-02-05 01:25:11,2017-07-24 21:41:14,2018-01-07 01:11:09,67,292721.85,2,,,
49,10,12,2016-04-09 04:32:03,2017-08-01 07:50:36,2018-01-22 16:50:53,73,142089.2,1,1,146702,
50,1,25,2016-04-29 08:28:31,2017-06-15 12:31:56,2018-02-21 01:59:34,56,265284.4,1,1,150854,
51,7,25,2016-04-24 01:54:09,2017-05-31 01:55:38,2018-01-11 08:41:59,56,182170.37,2,,,
52,25,23,2016-03-19 03:21:12,2017-04-03 13:48:37,2018-02-16 22:46:26,79,140100.32,4,0,86517,
53,33,22,2016-02-18 23:00:45,2017-06-24 22:08:26,2018-01-22 01:44:18,57,233005.31,1,1,185525,
54,22,29,2016-06-11 18:49:42,2017-06-27 13:47:24,2018-01-05 02:57:28,95,51866.21,3,1,78737,
55,42,25,2016-03-25 23:34:41,2017-05-24 21:56:46,2018-03-09 03:04:49,88,230330.74,3,0,101550,
56,48,22,2016-06-16 20:48:04,2017-04-30 07:51:58,2018-01-02 06:07:16,4,70781.35,3,0,192186,
57,1,10,2016-01-25 01:17:52,2017-04-29 21:17:49,2018-03-12 08:28:00,29,280411.32,3,,,
58,6,14,2016-05-22 02:55:32,2017-06-04 07:48:39,2018-02-16 12:30:54,76,266220.75,2,0,44068,
59,22,25,2016-06-11 10:21:15,2017-06-07 07:12:49,2018-03-11 12:24:43,77,340006.77,2,0,51522,
60,23,10,2016-04-26 02:17:36,2017-04-03 11:07:40,2018-03-07 16:47:02,34,69580.53,4,,,52067
61,16,15,2016-06-08 15:42:00,2017-04-10 02:08:47,2018-02-26 14:53:36,40,233069.49,1,1,142090,
62,17,22,2016-03-29 18:30:42,2017-05-26 09:24:42,2018-01-30 12:19:19,35,193056.79,1,0,117543,
63,26,12,2016-07-04 02:28:26,2017-05-30 10:34:31,2018-02-12 15:09:35,48,198422.59,4,,,193016
64,39,26,2016-03-20 19:57:01,2017-07-09 21:37:36,2018-03-03 01:51:57,22,100449.29,1,,,
65,41,10,2016-02-26 14:11:11,2017-03-17 11:50:02,2018-02-19 08:16:13,44,152282.73,4,1,132158,
66,5,22,2016-05-10 23:17:48,2017-03-23 19:03:18,2018-01-07 11:56:12,5,199759.0,3,,,
67,4,25,2016-01-26 09:18:21,2017-07-12 22:48:07,2018-01-14 05:05:29,41,150038.78,3,,,
68,5,14,2016-02-25 07:19:05,2017-06-03 21:58:39,2018-01-20 12:21:23,11,266942.9,1,,,
69,19,18,2016-01-20 02:53:06,2017-06-30 12:23:48,2018-01-05 14:00:03,91,84684.3,1,,,
70,25,26,2016-06-06 06:19:28,2017-05-11 02:53:31,2018-02-26 23:39:25,20,168498.69,4,0,190760,
71,6,10,2016-03-07 20:23:16,2017-06-23 20:15:45,2018-01-03 21:21:22,11,200861.99,3,0,66183,
72,10,21,2016-06-14 23:44:44,2017-07-26 15:05:56,2018-01-29 18:17:10,80,169444.84,1,1,175752,
73,24,20,2016-03-27 19:06:50,2017-08-04 11:35:41,2018-02-04 13:43:49,9,265072.93,4,0,160247,135855
74,32,21,2016-02-13 15:02:58,2017-08-15 06:26:25,2018-03-08 09:38:53,40,240399.74,4,0,45634,
75,15,27,2016-04-15 07:03:36,2017-07-10 16:45:31,2018-03-13 02:36:48,22,70099.07,3,0,99379,
76,17,17,2016-05-04 03:02:32,2017-06-11 20:52:29,2018-02-25 12:24:24,7,204184.3,2,,,
77,49,29,2016-05-08 20:29:50,2017-05-17 15:31:49,2018-01-12 11:13:27,97,32753.82,3,0,105856,
78,2,14,2016-02-16 15:33:39,2017-04-07 05:07:00,2018-02-13 21:03:45,30,357776.42,4,,,188611
79,22,29,2016-02-23 14:28:07,2017-05-16 11:17:58,2018-02-16 18:20:49,54,197875.02,4,,,
80,31,12,2016-06-19 09:44:09,2017-08-12 03:48:03,2018-01-04 10:30:23,26,339248.46,3,1,57599,
81,1,30,2016-02-15 20:02:18,2017-03-17 11:10:42,2018-01-19 19:17:49,64,373374.06,4,1,59204,
82,5,30,2016-05-03 16:44:37,2017-07-10 10:41:15,2018-01-16 00:29:46,44,237009.6,1,0,43322,
83,7,11,2016-06-03 06:06:46,2017-03-26 04:45:43,2018-02-25 07:13:32,85,72595.49,4,0,173527,
84,11,26,2016-02-22 22:34:29,2017-06-21 00:23:30,2018-03-02 03:00:39,24,301818.75,2,,,
85,40,12,2016-05-31 06:16:03,2017-06-18 03:49:04,2018-01-09 15:22:54,39,329963.51,3,,,
86,48,15,2016-04-14 23:15:21,2017-06-20 14:38:56,2018-03-10 20:37:36,94,398196.61,2,0,46985,
87,48,15,2016-03-05 07:23:10,2017-05-29 00:35:44,2018-03-06 12:36:59,22,148417.98,2,,,144087
88,10,25,2016-04-05 02:32:38,2017-06-09 18:31:08,2018-02-11 23:48:07,99,236631.38,2,,,123809
89,30,30,2016-02-23 18:38:49,2017-07-20 12:11:54,2018-03-02 03:30:07,11,346604.35,4,1,192962,
90,43,21,2016-05-06 11:36:41,2017-07-26 13:32:24,2018-02-05 02:05:29,39,211680.16,2,,,
91,32,22,2016-06-14 09:57:57,2017-06-13 10:42:27,2018-01-12 12:37:04,93,316314.78,3,1,133458,118344
92,18,10,2016-07-08 16:46:28,2017-05-06 11:35:07,2018-02-17 23:42:30,24,152335.07,3,,,
93,15,24,2016-02-11 05:22:47,2017-07-14 08:48:12,2018-03-10 20:14:52,94,369089.01,4,,,116995
94,9,14,2016-05-03 23:31:24,2017-07-19 11:28:00,2018-01-09 19:18:20,32,140177.04,2,1,125890,
95,31,13,2016-03-11 20:20:32,2017-03-19 20:00:21,2018-02-14 17:22:35,27,363500.61,3,1,186286,
96,44,26,2016-06-13 18:19:24,2017-07-10 06:24:52,2018-02-18 05:34:26,3,270709.97,3,0,70673,
97,39,29,2016-05-28 02:40:49,2017-04-04 08:39:23,2018-01-16 03:32:51,97,310796.98,4,,,
98,39,19,2016-04-04 22:11:58,2017-05-29 22:41:21,2018-01-12 08:50:00,74,99385.94,2,,,
99,42,16,2016-05-17 17:54:35,2017-07-30 02:03:43,2018-01-16 09:38:15,26,93549.01,3,,,
100,28,18,2016-05-20 19:35:32,2017-07-17 21:09:53,2018-02-15 10:45:22,78,378694.11,2,0,95034,
101,37,13,2016-06-06 21:41:29,2017-03-31 01:52:25,2018-02-15 19:13:57,84,140309.87,4,1,118626,
102,33,11,2016-02-02 09:11:27,2017-07-24 04:42:37,2018-01-04 13:34:33,40,42348.37,2,,,
103,40,17,2016-01-16 22:09:38,2017-05-17 10:38:37,2018-02-12 19:44:24,22,56807.94,1,,,
104,7,13,2016-02-13 04:58:41,2017-07-26 16:31:13,2018-01-14 21:50:44,86,93814.1,4,1,126455,
105,2,16,2016-05-28 21:43:15,2017-07-18 21:52:07,2018-01-08 01:20:33,73,43168.82,1,0,142037,
106,44,22,2016-04-12 00:35:09,2017-08-18 18:35:27,2018-01-01 10:10:57,55,222978.32,4,,,
107,16,25,2016-03-27 08:30:41,2017-04-28 16:40:43,2018-01-04 19:09:32,6,187331.83,2,1,106807,63761
108,27,11,2016-01-24 04:52:13,2017-07-25 19:12:37,2018-03-12 12:20:50,54,222369.89,2,0,118713,
109,17,26,2016-04-07 11:02:44,2017-04-02 06:47:25,2018-01-08 03:37:11,99,153207.82,1,0,52058,
110,18,11,2016-07-01 11:16:51,2017-05-22 00:24:38,2018-02-09 16:29:00,20,257348.07,1,0,55011,168390
111,47,11,2016-03-19 21:38:46,2017-05-09 14:21:11,2018-02-28 09:07:59,41,164184.99,4,0,179714,
112,41,12,2016-07-03 01:45:27,2017-05-28 05:42:40,2018-02-10 06:55:43,69,177226.88,3,0,58707,
113,22,17,2016-04-14 05:42:34,2017-08-08 04:32:38,2018-02-20 07:58:20,60,330811.41,2,1,102108,
114,5,23,2016-03-16 12:10:54,2017-06-26 04:45:13,2018-03-07 03:21:19,45,357338.54,2,,,
115,17,26,2016-05-20 05:36:52,2017-05-19 20:36:52,2018-02-12 09:34:30,31,171919.96,4,1,109379,
116,37,25,2016-05-04 21:08:39,2017-04-01 14:45:24,2018-01-03 04:21:59,37,248738.22,3,,,193789
117,13,25,2016-04-14 22:30:25,2017-06-14 00:59:48,2018-03-04 00:52:05,10,334851.89,4,1,170304,
118,13,20,2016-03-01 04:27:44,2017-06-12 16:32:08,2018-01-27 19:51:52,81,329601.24,2,0,198066,
119,15,29,2016-04-28 16:17:40,2017-08-10 23:39:42,2018-02-27 09:52:36,73,125303.35,2,1,146935,
120,40,24,2016-03-28 19:43:50,2017-07-23 21:46:17,2018-01-28 14:04:57,62,99043.6,4,1,54084,
121,44,18,2016-06-08 20:12:03,2017-04-10 21:44:04,2018-01-12 07:29:55,66,227829.3,1,,,
122,41,19,2016-05-20 22:10:10,2017-05-06 00:41:29,2018-01-31 02:30:34,50,336164.65,3,0,78582,64676
123,36,12,2016-04-26 12:28:20,2017-03-24 13:04:46,2018-01-18 15:29:17,11,340996.23,2,,,
124,4,30,2016-01-18 06:09:09,2017-04-21 12:29:13,2018-02-26 23:13:04,48,375981.73,3,1,192259,
125,9,20,2016-04-12 20:11:11,2017-05-13 01:22:48,2018-02-06 20:16:37,85,53153.97,1,0,143402,
126,38,29,2016-07-09 01:33:27,2017-03-30 00:48:36,2018-03-07 20:15:01,62,141259.21,1,,,
127,27,19,2016-06-04 01:26:13,2017-03-17 00:21:35,2018-02-28 04:41:29,75,219407.19,3,0,143723,
128,43,14,2016-06-05 02:44:26,2017-05-15 12:24:23,2018-01-02 14:33:23,22,387557.59,2,1,156716,
129,20,21,2016-04-26 10:06:38,2017-04-23 07:13:40,2018-01-01 11:23:44,58,392276.0,3,,,
130,3,30,2016-02-11 13:43:04,2017-05-26 21:38:37,2018-01-24 15:20:12,16,90526.13,4,0,175980,164412
131,4,24,2016-06-02 02:33:57,2017-06-15 06:41:11,2018-01-13 09:03:01,61,188242.49,1,,,
132,45,23,2016-07-03 20:09:43,2017-08-03 17:01:12,2018-01-20 23:01:46,80,177914.16,4,,,
133,33,24,2016-04-16 01:07:47,2017-03-24 10:02:01,2018-03-03 00:26:10,83,339848.95,2,0,67790,
134,33,27,2016-02-21 09:06:44,2017-05-01 23:04:23,2018-02-24 01:20:24,70,337581.08,1,1,140033,
135,24,20,2016-01-16 11:30:55,2017-07-25 08:36:42,2018-01-03 05:14:59,4,59100.91,4,1,160220,
136,22,21,2016-02-18 00:18:46,2017-08-08 04:53:37,2018-01-16 13:30:56,48,395354.8,3,,,
137,38,18,2016-06-13 23:01:46,2017-03-18 03:44:06,2018-03-06 15:37:40,64,56596.19,2,0,127659,
138,39,24,2016-07-06 23:27:28,2017-03-26 01:05:47,2018-03-13 16:59:12,55,169392.0,1,1,67507,182016
139,5,12,2016-05-21 08:24:47,2017-03-19 04:00:14,2018-01-14 22:12:29,81,161819.88,2,1,181292,
140,23,16,2016-05-10 03:59:35,2017-04-20 12:30:02,2018-02-14 13:11:30,90,357187.0,2,,,
141,3,26,2016-05-28 23:12:52,2017-08-03 11:22:40,2018-02-11 08:20:16,10,49598.18,2,0,95794,
142,32,29,2016-03-08 19:06:00,2017-06-28 01:21:48,2018-01-16 05:08:54,2,39168.06,1,,,
143,7,12,2016-03-24 17:54:58,2017-06-10 05:43:47,2018-01-19 19:57:50,95,197829.2,4,,,
144,17,24,2016-02-05 17:34:43,2017-03-27 16:05:37,2018-02-11 11:45:55,83,154497.21,1,0,90199,
145,25,19,2016-04-19 12:46:21,2017-05-20 00:02:36,2018-01-31 23:07:32,91,387772.16,4,,,
146,45,11,2016-03-08 10:49:37,2017-06-29 10:52:17,2018-02-25 06:52:45,95,396124.09,4,0,50754,
147,43,22,2016-05-01 06:26:19,2017-03-22 11:20:34,2018-02-01 22:54:28,34,151609.65,1,1,168319,
148,30,27,2016-05-21 14:24:59,2017-07-11 23:09:07,2018-03-12 11:03:19,94,168828.54,1,0,124561,71436
149,22,14,2016-05-25 15:22:05,2017-07-24 11:16:43,2018-02-13 12:47:25,69,170451.72,2,0,52666,
150,24,30,2016-07-07 03:29:09,2017-04-07 08:19:08,2018-02-19 04:26:07,96,59706.34,3,,,
151,15,15,2016-06-13 17:09:34,2017-08-21 15:42:37,2018-03-07 05:21:51,52,311094.02,1,,,
152,28,22,2016-01-16 06:29:55,2017-05-06 08:17:55,2018-02-14 14:30:11,59,363802.0,1,,,
153,19,16,2016-01-22 11:27:28,2017-08-12 22:25:12,2018-02-15 19:42:08,21,340650.59,3,1,164261,
154,27,29,2016-02-07 11:43:54,2017-04-25 13:40:58,2018-01-20 05:42:30,25,312614.18,2,1,183636,
155,33,25,2016-06-13 06:00:26,2017-05-01 12:08:03,2018-01-28 09:44:44,3,183878.44,2,1,195741,
156,42,27,2016-02-20 16:17:11,2017-05-28 14:07:22,2018-01-15 16:05:26,41,171510.38,4,,,
157,19,24,2016-02-02 19:45:16,2017-07-28 16:26:07,2018-03-02 22:29:18,47,62482.71,2,0,47007,
158,24,30,2016-04-07 05:46:54,2017-07-13 11:33:07,2018-02-17 04:49:54,19,328070.91,4,0,144359,
159,3,25,2016-06-17 05:48:32,2017-05-29 11:01:51,2018-02-15 20:24:19,13,398230.23,4,,,
160,20,10,2016-03-08 18:25:51,2017-07-08 19:18:08,2018-01-07 03:14:36,99,188333.02,3,,,
161,15,21,2016-03-20 07:30:14,2017-05-02 18:13:13,2018-01-22 09:07:08,71,57115.81,2,1,112030,
162,13,29,2016-07-03 08:29:52,2017-08-09 02:05:45,2018-03-04 02:33:54,62,240041.29,1,0,55730,
163,3,23,2016-06-03 08:48:12,2017-03-31 15:40:58,2018-01-06 04:58:35,93,365478.71,1,,,
164,49,21,2016-04-10 06:15:03,2017-07-19 21:08:56,2018-02-01 23:53:07,22,309434.3,4,,,196700
165,10,16,2016-02-05 16:12:39,2017-04-02 03:28:15,2018-02-10 23:48:33,64,377118.84,4,1,180605,
166,39,16,2016-01-19 20:39:33,2017-08-08 03:52:15,2018-01-14 22:37:24,69,312353.15,1,,,
167,30,10,2016-04-21 21:17:27,2017-06-11 23:10:25,2018-02-05 06:42:35,44,384065.44,2,1,87895,
168,13,30,2016-03-09 10:22:28,2017-06-13 23:40:35,2018-02-10 01:01:39,60,295678.91,4,,,
169,26,21,2016-07-03 05:09:11,2017-04-28 07:33:11,2018-02-27 18:12:43,51,228769.82,4,0,136322,
170,36,23,2016-04-22 01:29:48,2017-06-30 00:55:21,2018-01-17 18:54:50,10,183810.7,4,,,
171,5,22,2016-02-06 10:49:47,2017-08-02 08:25:26,2018-01-22 11:26:29,42,358843.68,1,1,92361,164415
172,30,20,2016-06-14 22:19:17,2017-04-07 14:55:17,2018-02-01 18:33:34,92,151825.23,1,1,146186,
173,33,27,2016-06-11 22:48:25,2017-06-16 08:20:33,2018-03-08 19:10:19,85,224916.19,4,,,
174,1,22,2016-05-26 19:09:21,2017-04-15 12:56:25,2018-02-26 19:21:43,66,106923.23,1,0,165144,
175,37,28,2016-01-19 08:13:33,2017-06-16 14:25:39,2018-02-09 15:56:17,77,377646.83,1,0,106040,
176,2,15,2016-01-14 07:29:59,2017-06-01 20:42:38,2018-01-22 15:19:04,30,240945.3,4,,,
177,21,15,2016-03-02 11:59:51,2017-07-03 16:35:49,2018-02-19 23:26:18,87,248297.24,3,,,110990
178,8,23,2016-02-23 07:57:00,2017-03-22 23:25:10,2018-01-12 02:14:11,88,397627.55,3,1,136271,
179,23,25,2016-02-05 03:35:13,2017-06-23 15:30:49,2018-03-03 10:44:45,54,358231.4,1,,,
180,39,30,2016-02-19 03:24:27,2017-03-26 22:43:09,2018-01-08 07:38:10,55,220350.14,3,1,116614,
181,10,16,2016-04-19 11:39:26,2017-05-02 10:25:08,2018-03-07 18:25:04,74,159768.25,4,,,
182,12,27,2016-02-21 21:30:48,2017-06-02 01:14:02,2018-03-05 00:23:12,85,34546.57,2,1,98123,
183,8,16,2016-03-14 07:23:37,2017-06-15 11:18:42,2018-02-13 05:56:34,60,255518.42,3,1,115431,
184,29,28,2016-03-21 08:12:23,2017-07-24 23:56:27,2018-01-08 14:43:23,83,201716.31,4,,,
185,12,21,2016-01-26 09:03:02,2017-06-28 11:29:30,2018-02-10 17:18:01,92,317158.31,3,,,117413
186,46,10,2016-04-13 04:45:34,2017-06-19 19:35:37,2018-01-16 10:46:55,1,47673.54,4,,,
187,46,25,2016-02-04 17:39:09,2017-06-22 06:39:20,2018-01-24 14:34:33,77,56119.47,4,1,62096,
188,44,12,2016-06-29 09:40:44,2017-05-05 23:42:09,2018-03-05 10:43:11,75,134082.82,2,0,92489,143783
189,20,21,2016-04-23 04:03:05,2017-08-20 16:51:08,2018-01-10 03:07:47,2,115001.2,3,,,
190,44,22,2016-01-26 18:27:00,2017-04-23 07:39:05,2018-03-04 14:04:47,76,89900.61,3,,,
191,40,18,2016-06-30 07:06:50,2017-07-31 13:19:05,2018-01-15 23:38:45,16,48554.12,3,,,
192,11,28,2016-06-02 23:40:32,2017-04-27 12:55:37,2018-03-04 10:52:18,93,348206.07,1,,,
193,33,19,2016-06-28 01:29:53,2017-06-05 14:28:15,2018-02-11 12:29:24,45,342446.28,1,,,
194,17,16,2016-02-29 19:47:59,2017-05-25 17:34:54,2018-02-15 14:27:39,53,384593.43,4,1,153719,
195,37,23,2016-07-01 18:58:41,2017-04-01 01:22:44,2018-03-11 14:28:41,31,48290.55,3,,,
196,45,22,2016-01-31 14:56:26,2017-07-04 18:09:58,2018-01-12 05:25:39,55,264473.54,3,,,
197,5,14,2016-04-16 17:46:41,2017-06-13 07:11:36,2018-02-23 03:56:47,69,396127.32,4,0,193723,107588
198,20,27,2016-02-26 01:36:35,2017-05-06 12:06:36,2018-01-30 21:46:07,70,397891.97,4,,,
199,25,17,2016-06-09 02:38:57,2017-04-02 10:36:23,2018-02-19 01:42:39,7,53928.72,1,,,
200,49,13,2016-06-04 12:42:22,2017-08-08 12:18:47,2018-01-02 07:58:35,78,329927.95,2,1,136100,
201,15,25,2016-05-03 12:39:17,2017-08-20 00:16:37,2018-01-17 11:47:24,98,50730.23,1,0,86989,
202,40,21,2016-04-13 04:48:09,2017-07-01 17:03:58,2018-02-13 12:30:13,8,106579.94,2,,,188133
203,34,11,2016-03-09 07:42:49,2017-03-17 08:35:15,2018-03-02 02:20:10,14,333156.91,3,,,
204,35,21,2016-06-06 12:21:57,2017-08-13 16:12:57,2018-01-30 14:36:06,99,100898.86,1,,,
205,38,19,2016-06-02 05:57:57,2017-05-24 11:05:47,2018-01-18 05:42:31,71,339961.82,1,,,
206,5,26,2016-05-21 20:16:01,2017-07-13 06:59:56,2018-01-11 04:56:50,5,116012.67,3,,,
207,6,25,2016-04-07 11:26:31,2017-07-10 19:46:18,2018-01-09 20:38:30,5,311554.54,1,0,184832,
208,32,27,2016-06-27 00:41:41,2017-08-04 20:44:31,2018-01-12 15:45:53,70,183399.93,4,,,
209,20,16,2016-05-05 23:09:31,2017-04-15 14:12:15,2018-02-02 22:14:27,63,84068.51,1,1,141367,175024
210,48,16,2016-02-17 19:11:10,2017-08-09 20:47:21,2018-02-02 13:22:01,92,277849.86,3,1,113921,
211,14,13,2016-03-12 02:43:05,2017-07-22 03:21:38,2018-02-06 00:02:45,11,305793.14,4,,,
212,49,29,2016-05-25 07:46:50,2017-06-22 12:51:21,2018-01-28 11:21:54,7,241439.79,4,,,
213,4,22,2016-04-21 12:19:50,2017-03-28 04:48:22,2018-03-13 22:33:05,70,215413.92,2,0,187469,59618
214,40,13,2016-02-23 04:33:19,2017-05-14 11:13:41,2018-03-02 07:38:58,48,228198.21,3,1,136084,119237
215,33,25,2016-06-26 06:49:37,2017-07-27 14:52:21,2018-01-30 22:54:20,69,278960.33,1,1,72419,
216,29,13,2016-03-26 09:37:45,2017-04-08 06:54:13,2018-01-20 01:20:11,58,157024.22,1,1,152456,
217,11,29,2016-01-21 15:18:46,2017-04-09 18:42:18,2018-01-30 06:45:36,4,324820.34,2,,,
218,15,15,2016-05-27 13:10:48,2017-04-15 02:38:06,2018-01-16 12:54:27,24,357834.87,2,,,
219,23,11,2016-02-02 10:10:25,2017-06-05 15:03:30,2018-01-18 10:42:25,62,395543.96,1,,,
220,44,13,2016-04-05 15:33:53,2017-07-04 04:48:37,2018-01-30 15:32:12,71,170135.69,1,,,132621
221,46,27,2016-04-01 00:21:42,2017-06-10 19:16:51,2018-01-05 10:05:57,86,31947.44,2,0,105930,
222,35,29,2016-02-01 13:46:45,2017-08-10 18:34:15,2018-01-05 00:46:25,89,269731.6,4,,,
223,42,12,2016-03-17 06:56:32,2017-04-02 18:31:59,2018-01-02 07:07:26,76,74443.81,1,0,71437,
224,41,22,2016-02-21 17:08:59,2017-07-25 22:03:55,2018-02-21 08:58:40,21,353095.46,2,0,113864,
225,17,17,2016-02-03 00:05:49,2017-03-23 10:05:18,2018-02-27 09:12:10,95,284887.24,3,,,
226,33,23,2016-04-20 11:07:09,2017-06-09 07:19:28,2018-01-14 08:50:09,26,139896.0,3,,,
227,26,24,2016-03-15 21:05:15,2017-04-14 07:48:24,2018-01-29 11:23:13,20,239599.06,1,,,
228,48,10,2016-01-22 14:00:06,2017-07-08 11:57:41,2018-02-14 12:27:47,14,203605.93,3,,,
229,36,13,2016-02-15 20:54:02,2017-04-27 20:37:31,2018-01-14 05:54:02,44,359966.27,2,0,79056,
230,12,15,2016-05-14 12:13:02,2017-06-12 02:35:31,2018-01-06 00:05:48,28,206100.79,2,0,94559,
231,4,18,2016-06-29 08:33:38,2017-07-27 07:11:11,2018-02-12 06:24:26,9,268806.86,2,,,148075
232,7,24,2016-01-13 13:08:07,2017-07-10 03:16:47,2018-01-17 03:51:02,98,102430.39,4,1,81594,
233,22,15,2016-03-25 07:16:05,2017-03-31 16:40:11,2018-03-03 06:46:27,91,54543.58,1,,,70912
234,11,13,2016-03-23 20:47:39,2017-04-21 14:08:29,2018-03-08 20:47:02,70,235682.07,1,,,
235,23,17,2016-05-03 16:45:30,2017-05-03 16:39:45,2018-01-14 22:57:48,36,246463.83,2,,,
236,13,30,2016-03-01 04:03:15,2017-06-28 00:47:51,2018-02-04 07:56:36,18,161112.03,2,,,
237,44,22,2016-06-13 17:20:42,2017-08-19 07:18:29,2018-02-18 15:47:31,68,93422.0,4,1,199701,
238,37,26,2016-01-24 13:15:16,2017-07-05 05:25:08,2018-01-05 09:08:35,56,307892.13,2,,,171968
239,44,15,2016-05-03 07:14:34,2017-04-10 23:25:03,2018-01-04 16:56:21,37,196953.56,4,,,
240,40,18,2016-05-04 08:18:52,2017-08-01 04:06:24,2018-02-21 02:43:19,52,32984.4,4,0,81027,
241,26,17,2016-04-22 17:02:50,2017-04-17 14:45:47,2018-01-25 07:41:32,93,160309.38,4,0,123611,
242,21,21,2016-03-10 22:14:14,2017-06-05 15:04:51,2018-02-27 02:48:41,100,155844.31,4,0,71571,
243,30,25,2016-03-15 07:11:23,2017-06-05 11:02:31,2018-03-04 08:49:35,56,211247.39,4,0,118814,
244,29,29,2016-02-21 09:18:21,2017-05-29 17:32:02,2018-02-23 20:38:22,86,63088.84,4,0,145345,
245,2,20,2016-04-11 08:14:57,2017-07-02 11:11:56,2018-02-15 02:44:51,77,350302.77,4,0,150010,
246,17,19,2016-01-27 02:54:02,2017-06-08 17:30:51,2018-01-12 00:19:53,8,255995.62,1,0,179708,
247,44,11,2016-05-03 17:20:53,2017-08-13 13:06:10,2018-02-12 08:15:51,95,204689.0,4,,,136817
248,20,16,2016-05-15 12:53:28,2017-05-27 19:44:08,2018-03-02 17:13:07,35,257974.22,2,1,75901,
249,2,15,2016-03-12 18:53:26,2017-07-02 17:51:15,2018-01-06 16:59:54,42,210909.28,1,0,77752,
250,42,21,2016-03-06 03:36:35,2017-04-06 16:40:14,2018-01-14 03:40:08,10,220400.87,4,,,
251,8,26,2016-02-10 20:56:22,2017-08-01 20:45:32,2018-01-09 22:28:33,46,124828.54,3,1,42558,
252,29,21,2016-02-15 21:52:34,2017-04-06 03:42:06,2018-01-21 12:00:20,89,399970.69,4,1,64597,
253,24,19,2016-04-20 20:35:56,2017-04-29 02:22:09,2018-03-12 14:50:44,40,333636.92,3,1,184060,
254,10,25,2016-04-14 08:19:21,2017-04-30 08:02:36,2018-03-11 03:44:37,22,30487.08,1,1,194328,
255,9,16,2016-01-21 06:57:24,2017-04-05 07:26:30,2018-02-23 13:29:24,25,326104.25,4,,,
256,12,19,2016-03-13 06:42:38,2017-07-01 19:49:07,2018-02-04 14:26:08,20,131079.0,1,1,139071,
257,28,22,2016-05-04 16:43:27,2017-04-30 10:20:56,2018-02-04 08:21:40,37,398910.27,3,0,87675,
258,21,30,2016-06-24 11:34:27,2017-03-21 22:02:18,2018-01-14 15:01:16,40,55839.64,1,,,
259,49,23,2016-05-28 03:45:54,2017-04-21 15:37:02,2018-01-08 18:38:00,56,45877.01,3,1,127162,
260,38,23,2016-01-22 13:33:26,2017-07-27 22:11:03,2018-01-04 22:40:31,63,243000.78,1,1,45702,
261,29,20,2016-05-29 13:19:23,2017-06-21 15:27:55,2018-01-15 05:31:42,34,343957.31,1,1,130780,128289
262,30,13,2016-02-13 10:40:11,2017-05-09 02:44:55,2018-03-08 08:42:45,77,135805.75,1,,,
263,1,18,2016-05-11 06:48:46,2017-06-04 14:26:36,2018-03-01 07:25:27,79,373848.27,3,1,136909,
264,30,28,2016-04-29 02:35:58,2017-04-06 11:23:45,2018-01-26 04:51:10,63,119512.55,2,0,96805,
265,44,18,2016-03-12 06:54:40,2017-03-18 01:21:47,2018-02-07 17:43:01,16,105807.38,4,,,
266,47,23,2016-03-15 21:49:24,2017-08-17 08:31:48,2018-03-12 01:08:24,87,151432.63,3,,,
267,50,18,2016-01-17 02:04:47,2017-08-08 23:29:28,2018-01-04 23:18:26,58,332041.64,4,1,156649,
268,28,15,2016-02-25 05:11:36,2017-03-16 16:47:29,2018-01-28 15:44:50,95,170939.6,4,1,127886,179257
269,37,24,2016-01-13 05:14:40,2017-03-22 19:38:30,2018-01-25 21:04:35,59,57561.37,4,,,
270,50,30,2016-05-03 20:45:21,2017-08-03 10:25:22,2018-02-21 13:23:43,81,328637.03,1,,,
271,23,17,2016-03-21 07:31:19,2017-06-18 07:16:53,2018-01-18 18:43:48,1,109933.82,3,0,150459,
272,47,21,2016-07-08 17:14:26,2017-05-01 03:30:33,2018-01-13 12:17:21,52,383599.65,1,0,58923,
273,11,17,2016-06-22 19:54:31,2017-07-01 17:03:36,2018-02-01 21:00:21,89,293664.67,2,1,141077,153291
274,23,18,2016-06-15 05:11:07,2017-07-13 19:20:23,2018-02-14 17:13:01,5,217008.13,3,0,174384,120936
275,38,27,2016-02-14 22:14:50,2017-04-15 06:51:09,2018-02-25 07:50:39,84,335524.79,2,1,64975,
276,13,24,2016-02-15 12:14:51,2017-07-30 14:42:35,2018-01-14 16:43:51,67,88980.04,2,,,
277,44,15,2016-01-17 21:30:48,2017-06-26 06:48:28,2018-03-09 06:49:06,77,105321.02,4,0,75529,
278,14,16,2016-03-30 03:50:39,2017-08-21 15:23:27,2018-02-10 19:51:46,90,399365.56,3,,,
279,16,14,2016-05-12 02:39:36,2017-04-23 17:29:51,2018-03-06 04:56:09,5,325097.01,3,,,163402
280,10,26,2016-06-29 15:21:50,2017-06-17 14:55:32,2018-02-14 11:48:55,9,311660.24,3,1,44988,
281,16,11,2016-05-20 18:08:18,2017-08-06 00:47:12,2018-02-22 07:58:29,18,280039.43,4,0,46251,
282,9,22,2016-02-27 09:37:18,2017-04-30 22:02:28,2018-01-25 00:48:04,77,109973.28,4,,,
283,29,21,2016-05-18 10:37:26,2017-04-24 20:02:30,2018-02-21 09:04:30,58,231072.25,3,0,126777,106743
284,33,23,2016-01-20 14:04:50,2017-05-04 17:47:36,2018-02-09 03:43:40,58,86854.09,1,0,145557,
285,44,29,2016-03-17 01:25:01,2017-04-07 14:25:34,2018-02-09 03:01:33,45,109959.16,1,,,
286,30,24,2016-04-02 00:57:38,2017-03-17 11:42:30,2018-01-16 08:13:55,76,353078.47,4,,,
287,11,16,2016-03-13 01:46:55,2017-08-03 17:43:19,2018-01-23 16:40:02,19,396702.23,1,,,
288,49,29,2016-05-04 22:20:00,2017-06-16 19:20:56,2018-01-01 12:54:43,4,203198.28,4,0,193728,
289,38,24,2016-03-13 09:43:27,2017-04-18 09:55:44,2018-02-17 12:28:32,13,314869.07,2,,,
290,29,12,2016-06-11 02:12:44,2017-04-30 18:58:07,2018-02-25 16:53:29,4,66269.6,2,,,
291,10,13,2016-02-17 17:44:35,2017-07-02 23:18:33,2018-02-28 05:57:54,52,142883.23,1,0,97997,
292,10,30,2016-02-22 21:10:37,2017-07-31 12:57:20,2018-03-02 15:52:18,44,208228.01,2,,,
293,24,28,2016-03-07 06:50:01,2017-07-08 08:48:45,2018-02-25 13:40:44,51,197565.59,3,0,108701,
294,13,13,2016-06-12 08:35:05,2017-08-01 15:16:23,2018-03-04 05:50:59,5,74417.51,3,,,
295,7,14,2016-03-15 01:57:21,2017-05-15 07:52:45,2018-01-30 12:45:58,26,89886.61,1,0,71542,
296,48,12,2016-05-12 15:42:24,2017-04-09 23:44:03,2018-01-23 03:26:42,19,58722.17,4,0,171049,
297,30,27,2016-04-10 12:59:25,2017-08-02 03:09:22,2018-01-23 00:56:05,28,73580.5,4,1,187650,
298,6,16,2016-04-27 23:22:16,2017-07-26 09:15:32,2018-03-06 18:32:05,80,101546.94,3,0,173120,
299,23,21,2016-05-07 23:02:50,2017-04-10 07:08:21,2018-01-15 02:38:28,81,311928.47,3,1,178994,
300,39,30,2016-02-25 12:13:15,2017-07-19 23:29:03,2018-02-08 22:24:43,35,377771.11,2,,,
301,38,29,2016-04-25 18:58:30,2017-04-05 21:13:55,2018-01-26 17:41:38,34,359815.15,4,,,
302,15,17,2016-02-27 06:59:55,2017-04-12 20:40:38,2018-01-09 19:08:29,22,164345.31,2,,,166457
303,23,27,2016-05-25 06:56:16,2017-03-31 23:55:40,2018-03-06 19:52:47,59,312966.49,2,1,100433,
304,20,22,2016-01-19 10:07:33,2017-03-18 22:59:04,2018-02-09 17:12:40,100,38392.24,1,0,142341,
305,16,27,2016-04-20 20:47:01,2017-06-22 05:32:17,2018-02-14 00:31:41,70,397444.98,1,1,123800,
306,40,27,2016-02-22 22:44:45,2017-07-26 01:35:50,2018-03-08 18:29:43,47,348985.81,2,1,61750,102802
307,35,16,2016-01-16 07:08:18,2017-06-16 13:11:11,2018-01-22 02:04:44,29,49988.33,3,,,
308,24,12,2016-05-17 03:40:26,2017-04-06 16:43:15,2018-02-09 02:57:49,86,61979.3,1,,,
309,37,27,2016-02-22 10:57:25,2017-07-05 19:45:10,2018-02-19 13:44:48,75,30715.73,2,,,
310,11,11,2016-07-09 22:57:01,2017-07-08 17:30:51,2018-01-18 05:37:30,22,238200.12,2,0,124875,
311,3,25,2016-01-20 04:07:50,2017-04-27 01:38:08,2018-02-10 03:06:14,28,191813.76,4,0,158358,
312,49,17,2016-01-28 17:09:34,2017-07-08 23:35:32,2018-02-19 22:28:30,52,101674.58,2,1,63115,
313,19,18,2016-05-08 04:44:21,2017-08-10 10:18:02,2018-01-30 12:23:33,76,91769.14,4,,,53454
314,50,16,2016-03-31 08:04:15,2017-08-02 03:40:05,2018-01-13 04:04:56,61,261809.5,4,0,116723,
315,22,24,2016-03-26 02:43:48,2017-06-16 02:34:27,2018-01-20 01:39:58,53,217597.14,1,1,84746,
316,17,10,2016-06-07 10:52:58,2017-07-19 03:41:37,2018-01-24 19:16:47,24,95554.0,2,0,184117,
317,24,24,2016-02-17 15:06:07,2017-07-27 03:22:25,2018-02-02 19:26:13,23,118630.53,4,0,139697,
318,4,12,2016-04-01 04:41:57,2017-07-03 12:09:02,2018-02-14 02:26:18,75,148698.69,4,,,
319,15,22,2016-05-24 07:54:05,2017-05-05 21:18:04,2018-01-29 03:31:53,72,216209.15,2,1,56931,
320,34,30,2016-04-10 19:42:12,2017-06-01 23:38:06,2018-02-27 18:25:21,27,235890.66,4,,,
321,24,29,2016-07-09 22:21:14,2017-05-16 19:37:48,2018-03-08 15:53:04,98,146890.06,3,,,
322,32,11,2016-05-31 17:01:59,2017-05-20 05:01:50,2018-01-16 18:07:33,54,252278.98,4,,,
323,36,20,2016-03-15 17:15:02,2017-05-03 15:21:12,2018-01-27 09:30:28,54,127632.6,2,1,122766,
324,42,16,2016-06-28 08:53:15,2017-06-21 15:55:59,2018-01-02 05:00:58,56,398757.23,4,,,
325,24,28,2016-02-03 02:14:55,2017-08-12 07:07:26,2018-01-02 04:24:14,61,71333.48,2,,,101484
326,23,11,2016-05-08 21:14:10,2017-04-20 21:12:08,2018-03-07 01:28:20,27,140661.51,4,1,71087,
327,50,15,2016-05-29 22:59:47,2017-06-04 08:44:05,2018-03-05 15:24:56,86,340803.92,3,1,135210,
328,36,15,2016-04-23 20:20:32,2017-07-18 17:11:24,2018-02-02 21:20:11,6,119393.77,4,0,125789,
329,34,22,2016-05-27 01:39:48,2017-04-28 21:08:09,2018-02-05 03:28:37,3,137003.72,2,,,121795
330,42,28,2016-04-30 10:15:24,2017-07-13 21:00:54,2018-01-31 13:16:33,5,41233.65,1,,,
331,47,11,2016-02-07 13:28:47,2017-05-11 22:11:24,2018-03-13 15:38:22,71,104468.34,1,0,67492,
332,12,15,2016-04-24 14:48:15,2017-05-29 13:19:01,2018-01-25 12:28:01,25,203366.63,1,1,140436,
333,15,20,2016-05-14 23:03:03,2017-08-16 20:49:17,2018-01-24 02:29:41,95,35283.85,1,1,160219,
334,21,25,2016-02-15 21:57:23,2017-07-20 21:44:54,2018-01-30 06:09:11,64,50860.82,1,0,197623,
335,43,17,2016-02-15 17:07:47,2017-06-17 22:58:13,2018-03-07 13:33:38,83,91596.47,3,1,178060,
336,29,27,2016-03-30 17:27:05,2017-03-20 08:27:13,2018-01-17 16:10:34,12,135130.2,3,,,
337,26,22,2016-03-09 15:41:15,2017-07-20 03:49:44,2018-03-12 03:31:18,41,227758.43,2,0,67653,
338,21,14,2016-05-14 03:15:23,2017-06-22 07:47:00,2018-02-16 13:13:19,14,203011.63,3,1,63116,
339,16,22,2016-06-25 16:24:08,2017-05-07 23:58:33,2018-01-27 19:07:09,38,300584.51,2,0,160472,
340,42,15,2016-06-30 04:01:24,2017-06-05 17:44:05,2018-02-23 04:55:27,91,251256.76,1,1,155170,
341,40,28,2016-04-04 16:35:41,2017-05-24 09:47:32,2018-02-25 00:32:27,79,275386.3,4,0,100439,
342,27,21,2016-04-23 05:10:48,2017-07-09 19:52:22,2018-02-19 03:18:54,35,361799.82,1,1,139838,184140
343,17,28,2016-05-30 04:22:41,2017-07-31 09:37:41,2018-01-09 11:52:14,37,157141.89,4,0,162608,
344,47,21,2016-07-02 18:09:33,2017-08-17 01:22:31,2018-01-30 20:36:48,6,311991.53,3,1,49965,
345,37,14,2016-05-19 17:45:37,2017-05-04 23:23:23,2018-03-13 08:13:00,95,331293.79,1,0,125430,164045
346,17,13,2016-06-20 06:28:06,2017-07-05 16:10:31,2018-02-16 01:48:08,60,53203.35,1,0,59351,
347,41,24,2016-02-17 00:06:56,2017-05-23 14:15:02,2018-02-04 12:52:41,46,103469.47,3,1,77238,
348,38,15,2016-06-10 03:58:44,2017-05-28 10:11:05,2018-02-09 10:04:18,16,242072.71,2,1,113044,
349,50,27,2016-06-20 20:55:56,2017-04-23 00:37:34,2018-03-13 04:43:37,56,319431.98,2,1,115659,162246
350,19,15,2016-01-19 16:55:33,2017-04-05 02:52:14,2018-01-06 01:23:35,14,338504.85,3,,,
351,44,18,2016-05-05 13:08:37,2017-07-25 01:51:55,2018-02-19 04:52:20,31,50917.86,1,,,
352,45,23,2016-01-25 20:51:47,2017-03-18 17:26:20,2018-03-04 07:43:17,6,248542.98,3,0,103935,
353,37,18,2016-05-03 07:02:28,2017-05-12 01:25:36,2018-03-02 17:01:04,19,300417.97,2,1,91039,
354,46,19,2016-06-16 17:21:02,2017-06-11 04:18:52,2018-01-22 09:27:31,28,85918.68,1,,,
355,31,22,2016-05-05 17:13:13,2017-05-07 18:58:33,2018-01-07 05:26:21,100,92185.5,1,0,71245,165233
356,41,21,2016-02-21 18:02:18,2017-05-28 17:51:02,2018-01-29 14:14:46,36,351402.37,2,0,43990,
357,44,19,2016-05-10 23:31:38,2017-05-10 16:41:07,2018-02-25 00:54:37,48,284507.6,2,0,91297,168814
358,37,26,2016-07-10 15:35:00,2017-05-14 04:19:17,2018-01-16 07:51:23,13,257473.8,3,0,162862,
359,39,16,2016-05-31 05:05:36,2017-07-14 15:07:28,2018-01-20 12:47:33,84,230868.28,4,1,114245,
360,43,27,2016-04-04 11:54:19,2017-07-14 14:12:38,2018-02-22 19:47:17,69,182973.59,1,1,187015,168228
361,24,20,2016-01-12 06:24:10,2017-06-19 02:09:15,2018-01-22 23:29:12,54,251362.53,3,0,126626,
362,37,23,2016-05-26 20:22:30,2017-08-16 01:03:13,2018-01-09 01:35:35,96,328561.92,1,,,
363,27,15,2016-02-23 23:41:01,2017-03-19 02:39:17,2018-02-04 21:38:03,83,135945.62,2,0,73703,
364,40,30,2016-05-03 10:14:18,2017-04-02 07:38:46,2018-01-10 00:46:45,43,168718.67,4,1,178590,
365,16,28,2016-06-16 11:30:34,2017-04-29 21:35:56,2018-03-10 19:57:05,50,239707.84,2,,,
366,6,28,2016-05-11 07:47:47,2017-06-12 02:42:07,2018-01-16 17:17:57,98,212795.96,4,1,68475,
367,40,22,2016-04-22 09:50:54,2017-06-07 20:46:27,2018-03-14 20:29:49,27,327550.46,3,,,
368,50,20,2016-03-26 05:31:08,2017-04-05 15:51:20,2018-03-05 02:46:05,27,396342.2,1,,,
369,5,29,2016-02-07 20:30:16,2017-07-07 15:33:35,2018-02-22 09:42:15,5,330657.48,1,0,165080,
370,36,12,2016-06-14 15:47:13,2017-04-27 05:37:58,2018-02-27 20:50:52,7,112985.45,3,1,196982,
371,4,30,2016-06-06 14:31:31,2017-07-30 05:28:59,2018-02-25 05:44:27,16,265556.26,2,0,73280,
372,18,28,2016-04-02 15:41:14,2017-07-15 04:11:55,2018-01-02 08:00:44,93,246139.32,1,1,141487,
373,32,19,2016-03-11 11:56:39,2017-06-30 21:29:30,2018-01-10 18:04:05,46,188228.0,4,,,
374,14,15,2016-05-22 17:07:17,2017-06-08 09:31:02,2018-02-09 13:37:02,71,274919.5,3,,,
375,33,28,2016-02-01 01:59:29,2017-05-20 09:59:13,2018-01-03 02:41:40,87,69114.03,4,1,141736,
376,22,12,2016-04-18 07:07:16,2017-07-20 07:01:06,2018-01-02 00:41:46,5,192664.46,4,0,95286,
377,35,14,2016-04-28 23:04:11,2017-08-02 13:48:25,2018-01-28 09:47:24,98,291640.88,1,,,
378,39,24,2016-04-21 14:01:35,2017-03-28 00:35:29,2018-01-01 21:35:06,90,114958.82,2,0,84950,46644
379,26,27,2016-04-09 03:55:39,2017-07-05 02:05:49,2018-02-12 00:19:42,4,357846.05,1,1,89889,
380,44,30,2016-05-30 22:09:27,2017-04-02 22:40:39,2018-02-28 04:15:08,87,333130.02,4,0,72585,
381,16,18,2016-06-15 19:31:53,2017-06-04 05:55:05,2018-03-04 09:24:22,27,335100.0,2,,,
382,32,29,2016-06-27 01:08:22,2017-05-29 03:15:13,2018-02-24 12:15:28,77,312029.97,3,1,53562,
383,3,10,2016-07-01 20:06:47,2017-07-11 17:25:17,2018-03-07 06:14:06,80,244718.99,1,,,
384,17,20,2016-02-28 19:38:34,2017-05-10 18:05:45,2018-01-23 04:18:21,96,149202.69,3,0,173844,
385,23,12,2016-07-09 02:42:42,2017-04-28 16:49:09,2018-01-09 12:01:55,68,232023.26,2,1,190850,119152
386,39,21,2016-01-25 15:57:12,2017-05-23 22:17:42,2018-02-16 18:12:27,42,314748.04,1,1,73977,
387,30,24,2016-06-15 11:01:56,2017-06-16 03:18:48,2018-03-06 05:04:41,60,138219.51,2,,,130707
388,15,26,2016-02-25 11:52:53,2017-06-05 15:48:57,2018-03-10 22:28:53,85,60198.58,3,1,71261,
389,8,14,2016-06-24 07:59:21,2017-04-23 04:04:05,2018-01-03 03:10:49,86,278162.08,1,,,
390,42,22,2016-02-25 16:32:49,2017-08-04 01:42:16,2018-02-17 16:01:47,15,291382.09,4,0,88675,
391,49,19,2016-05-14 00:13:50,2017-05-23 20:44:17,2018-01-28 18:29:48,71,333121.0,3,1,95012,
392,11,19,2016-05-26 00:47:08,2017-04-11 16:37:35,2018-01-21 23:11:24,75,234828.47,3,1,108969,107290
393,37,23,2016-07-07 04:43:53,2017-07-17 14:01:54,2018-02-09 02:24:45,32,362920.23,2,,,190424
394,15,14,2016-05-08 09:26:19,2017-05-30 18:34:09,2018-02-10 20:51:35,13,325865.74,3,1,43274,
395,46,13,2016-02-02 12:39:18,2017-04-29 16:50:38,2018-03-13 23:59:00,25,326382.37,1,0,125613,
396,16,13,2016-01-18 14:24:56,2017-05-19 19:08:59,2018-01-26 21:38:28,68,390049.92,2,0,55718,
397,26,29,2016-05-09 19:11:38,2017-07-04 03:28:08,2018-02-06 05:59:22,54,270447.66,2,1,95590,198938
398,43,23,2016-06-21 06:00:59,2017-04-20 22:03:21,2018-02-01 14:19:02,1,96505.4,2,1,85585,
399,31,28,2016-01-31 18:24:48,2017-03-25 06:30:54,2018-01-01 20:30:08,83,182572.21,4,0,158449,
400,49,26,2016-05-17 00:20:29,2017-04-13 12:57:08,2018-03-14 07:29:05,83,173072.01,4,1,52585,
401,1,11,2016-05-01 13:55:10,2017-05-02 10:33:40,2018-01-30 21:04:12,43,391080.23,2,0,133570,
402,30,30,2016-01-29 17:19:47,2017-05-07 21:43:13,2018-03-09 16:37:40,3,378021.51,4,0,96866,
403,4,26,2016-05-16 22:21:03,2017-06-03 15:51:31,2018-01-21 20:29:56,43,95839.41,4,,,
404,27,25,2016-04-15 02:55:16,2017-03-25 06:30:00,2018-01-11 09:23:55,27,132758.75,3,,,
405,15,25,2016-03-29 02:49:36,2017-04-07 15:11:09,2018-01-02 01:11:51,6,82716.24,4,,,
406,39,17,2016-01-28 17:11:14,2017-05-18 02:56:36,2018-01-19 18:08:44,45,101680.47,1,,,
407,50,24,2016-01-22 13:12:25,2017-07-11 02:37:17,2018-03-06 01:49:10,50,222995.0,2,,,
408,37,18,2016-04-23 17:11:58,2017-07-02 04:09:45,2018-03-13 04:47:13,71,60416.88,1,,,
409,50,12,2016-04-27 13:41:16,2017-07-11 02:28:01,2018-02-25 04:47:55,52,269335.03,1,,,61227
410,33,21,2016-06-05 04:01:15,2017-06-29 00:59:43,2018-01-23 08:24:29,49,270348.7,1,,,
411,7,24,2016-01-28 00:37:09,2017-07-15 02:32:57,2018-01-17 12:55:10,5,291860.45,1,,,
412,20,25,2016-07-06 21:40:31,2017-08-13 13:40:19,2018-03-09 16:59:25,81,204833.29,3,0,62558,
413,27,16,2016-06-13 15:45:26,2017-04-14 04:23:14,2018-03-12 12:37:21,16,343976.34,2,,,
414,27,19,2016-06-15 19:01:51,2017-05-30 19:27:31,2018-03-13 17:01:11,72,45666.77,1,0,80798,46481
415,11,25,2016-03-26 01:13:21,2017-07-03 07:14:36,2018-01-25 00:50:14,93,162771.14,1,0,82499,
416,49,28,2016-03-08 01:36:04,2017-03-24 16:18:15,2018-01-13 08:13:43,41,352137.53,4,0,153018,
417,10,17,2016-04-04 23:22:50,2017-04-20 19:20:57,2018-01-11 16:43:35,26,156682.37,2,,,
418,7,24,2016-06-16 04:32:36,2017-04-04 04:02:04,2018-03-03 21:18:38,76,137813.27,3,1,77744,
419,13,15,2016-07-06 23:27:06,2017-04-08 12:54:27,2018-02-18 12:46:30,17,192325.69,4,,,
420,18,17,2016-03-28 10:31:12,2017-04-09 21:16:35,2018-02-14 20:46:30,59,288053.09,4,,,
421,45,20,2016-02-09 01:50:29,2017-05-06 18:25:09,2018-03-10 18:55:19,51,348067.88,3,1,136913,
422,42,26,2016-04-12 17:17:14,2017-07-17 13:18:48,2018-01-10 21:29:36,71,130477.29,4,1,91180,
423,32,14,2016-04-15 18:14:54,2017-03-26 17:49:24,2018-02-13 19:49:52,5,331414.89,1,,,97096
424,29,20,2016-01-27 20:46:14,2017-06-17 10:28:05,2018-02-11 13:07:23,49,269586.17,3,,,
425,41,16,2016-07-01 10:40:52,2017-06-07 04:11:29,2018-03-05 23:52:56,52,133004.1,2,,,
426,40,16,2016-02-04 06:26:42,2017-07-19 14:47:59,2018-01-24 22:15:17,69,86893.6,1,,,
427,11,21,2016-04-27 01:33:05,2017-05-03 09:35:54,2018-01-18 21:10:33,53,57273.57,1,,,52761
428,17,30,2016-04-05 18:05:29,2017-07-04 01:29:20,2018-01-08 08:03:26,26,296394.9,2,,,
429,26,12,2016-04-27 16:33:53,2017-08-20 17:04:12,2018-03-06 01:56:06,82,105917.32,1,,,
430,38,26,2016-07-05 12:56:45,2017-05-20 03:45:04,2018-01-11 14:02:21,92,361281.93,2,1,169186,
431,13,11,2016-05-08 12:26:16,2017-08-13 06:59:42,2018-02-21 02:25:12,65,151818.31,1,0,161653,181981
432,25,30,2016-04-11 13:10:11,2017-06-05 21:58:26,2018-01-15 19:58:45,72,224779.96,3,,,
433,23,11,2016-01-24 01:06:04,2017-03-26 06:41:24,2018-01-07 14:12:39,43,230905.35,4,0,76587,
434,38,30,2016-04-24 10:37:45,2017-06-13 08:08:03,2018-01-12 08:38:08,99,260547.68,3,,,
435,3,24,2016-05-14 10:07:18,2017-05-30 12:32:27,2018-03-01 00:25:06,33,322292.73,3,,,
436,5,18,2016-06-30 02:26:35,2017-06-04 10:36:57,2018-03-03 03:54:30,30,222949.43,3,1,165615,144226
437,8,21,2016-04-27 04:48:01,2017-03-27 10:47:45,2018-01-26 21:37:28,56,182718.88,4,,,
438,10,19,2016-03-08 00:21:06,2017-06-08 18:05:23,2018-01-31 16:03:27,75,188117.32,2,1,76161,89490
439,1,30,2016-07-08 02:16:42,2017-06-12 07:42:41,2018-02-09 14:43:16,16,32846.76,4,,,
440,26,17,2016-05-21 21:31:39,2017-06-07 14:37:45,2018-01-07 04:04:25,9,388984.91,4,1,191631,
441,4,18,2016-07-04 00:21:33,2017-06-22 21:25:55,2018-02-13 00:01:37,93,86342.2,3,0,58634,
442,20,20,2016-04-05 13:37:07,2017-03-30 12:40:08,2018-02-09 06:54:50,76,306125.66,2,,,
443,28,25,2016-04-05 23:27:09,2017-03-22 14:41:32,2018-03-08 07:22:02,3,265895.17,2,,,
444,12,20,2016-04-21 07:35:00,2017-07-29 08:57:04,2018-03-08 10:53:18,8,188515.72,4,,,
445,9,12,2016-07-07 16:54:49,2017-06-22 18:26:22,2018-02-05 05:35:15,44,336553.25,1,,,
446,23,21,2016-03-29 13:53:35,2017-04-26 04:27:34,2018-01-11 15:21:35,86,185841.81,4,1,135510,
447,19,19,2016-03-13 00:18:25,2017-07-22 17:47:53,2018-01-27 10:14:47,44,38057.04,2,,,
448,36,13,2016-04-29 23:25:21,2017-04-28 11:02:02,2018-01-26 08:35:17,74,392911.88,2,,,
449,28,16,2016-04-19 01:29:04,2017-06-19 04:24:09,2018-01-21 22:37:50,94,78499.37,2,1,69320,114057
450,40,17,2016-02-23 14:19:29,2017-03-31 17:43:45,2018-03-12 18:28:19,34,386746.67,3,0,58568,147780
451,31,13,2016-01-25 20:22:21,2017-07-22 06:07:25,2018-02-25 17:20:17,50,310886.83,1,,,
452,39,10,2016-05-15 08:54:23,2017-07-23 18:49:30,2018-01-14 20:40:43,48,333683.8,1,0,181923,
453,13,14,2016-05-30 09:09:35,2017-04-10 20:41:27,2018-01-26 10:07:58,34,373618.39,4,,,
454,30,24,2016-03-29 17:41:34,2017-03-27 19:31:43,2018-02-15 03:14:08,61,153856.95,4,0,122784,
455,39,11,2016-06-01 01:10:18,2017-06-18 20:14:36,2018-03-04 10:51:02,90,250313.41,2,0,127113,
456,35,11,2016-02-08 13:18:49,2017-07-01 17:18:02,2018-02-13 06:23:45,1,107608.48,1,0,133733,163352
457,35,17,2016-03-27 04:43:26,2017-06-27 13:43:22,2018-02-21 03:26:18,17,135318.07,3,,,
458,34,25,2016-05-09 05:04:47,2017-03-31 22:12:37,2018-02-28 14:44:10,20,191721.64,3,,,
459,4,19,2016-02-24 00:28:20,2017-05-17 17:58:50,2018-01-20 06:58:18,64,166951.85,3,0,183041,
460,39,13,2016-02-24 03:07:22,2017-08-06 05:07:59,2018-02-07 03:43:01,30,60335.38,4,,,100340
461,25,16,2016-06-01 23:29:34,2017-05-14 14:00:29,2018-03-01 08:36:32,73,170040.16,2,,,105091
462,27,15,2016-01-23 23:49:26,2017-05-11 13:59:03,2018-01-01 12:06:08,3,55666.19,1,0,146309,
463,28,28,2016-05-31 21:15:36,2017-04-01 23:45:14,2018-01-11 23:47:49,80,301210.6,3,0,53778,
464,11,25,2016-07-07 23:11:42,2017-08-21 10:07:24,2018-02-16 01:32:38,95,185191.32,4,,,
465,47,11,2016-01-20 03:08:15,2017-05-20 07:18:13,2018-03-04 03:30:09,68,294558.74,2,0,56074,
466,42,17,2016-03-05 22:08:33,2017-05-13 01:29:57,2018-02-19 23:40:37,20,297510.73,3,0,173303,
467,15,29,2016-05-10 01:43:42,2017-06-07 08:39:41,2018-03-05 22:18:00,75,167825.29,4,0,82169,
468,44,12,2016-05-19 06:04:18,2017-03-21 03:45:28,2018-03-03 01:01:48,80,206043.73,2,,,
469,39,23,2016-03-24 15:58:52,2017-06-18 13:28:27,2018-02-18 01:07:49,95,299544.75,4,1,154979,168708
470,41,16,2016-06-18 22:44:24,2017-03-20 03:07:27,2018-02-02 12:18:05,44,62884.94,4,1,47933,
471,28,18,2016-02-17 07:57:24,2017-03-25 11:22:16,2018-01-22 22:49:15,11,263694.48,2,1,94837,
472,24,18,2016-02-09 01:44:07,2017-07-28 00:53:14,2018-01-31 12:26:51,6,297164.97,2,1,55178,
473,23,20,2016-07-07 05:31:49,2017-08-02 15:14:45,2018-01-02 06:50:10,35,171554.24,3,1,193745,113938
474,20,30,2016-01-26 00:53:19,2017-06-07 10:10:11,2018-01-26 15:53:42,98,59453.39,4,1,44560,
475,9,13,2016-02-01 07:12:50,2017-07-20 06:40:56,2018-01-30 18:13:32,12,318840.44,2,0,93679,71298
476,33,14,2016-06-29 10:14:55,2017-04-24 02:22:38,2018-01-22 05:23:47,66,282564.14,3,1,157176,107634
477,30,15,2016-06-15 18:53:34,2017-03-27 14:16:26,2018-02-04 05:17:29,14,118667.19,1,,,109955
478,17,29,2016-02-07 04:06:45,2017-05-05 11:52:44,2018-03-12 03:59:11,18,191598.42,4,,,
479,34,28,2016-03-27 18:10:03,2017-08-09 06:07:58,2018-02-23 00:39:00,84,155422.56,3,0,177757,
480,46,24,2016-01-15 21:18:33,2017-04-22 16:47:27,2018-03-13 20:52:28,29,234076.84,3,1,143574,
481,38,20,2016-06-09 23:26:09,2017-07-05 01:12:21,2018-03-02 03:14:39,75,68626.26,2,,,
482,10,24,2016-06-27 07:02:14,2017-04-06 22:09:54,2018-01-05 17:02:55,8,66783.35,4,1,128524,
483,9,21,2016-04-12 22:38:21,2017-04-18 11:17:52,2018-02-12 08:14:44,68,238799.19,2,0,56756,152218
484,37,15,2016-06-05 18:36:39,2017-05-25 08:00:26,2018-02-27 13:00:04,37,181065.01,3,0,151686,
485,14,29,2016-06-15 21:17:03,2017-05-07 03:05:19,2018-02-15 15:19:17,1,333986.45,1,1,159912,172846
486,18,13,2016-05-03 08:24:13,2017-03-30 02:48:26,2018-02-09 19:08:14,80,81393.98,3,,,
487,20,25,2016-03-27 19:40:23,2017-06-29 11:47:51,2018-01-11 23:00:56,63,189860.58,2,1,53528,
488,19,12,2016-03-05 01:33:12,2017-07-31 21:50:28,2018-02-21 02:22:44,20,167078.1,1,0,87952,
489,8,19,2016-02-26 12:01:46,2017-06-10 01:57:50,2018-01-31 08:42:30,45,264587.68,4,,,43894
490,21,19,2016-06-23 09:36:31,2017-04-19 18:50:12,2018-01-01 11:08:38,85,187939.8,2,1,46756,55849
491,11,11,2016-05-27 02:51:16,2017-04-19 21:07:49,2018-01-04 15:31:51,70,351333.8,4,1,64559,
492,30,11,2016-02-05 10:55:03,2017-04-03 20:19:19,2018-01-07 03:39:33,37,315066.43,4,1,172062,
493,15,14,2016-06-13 02:19:41,2017-04-05 12:35:42,2018-02-19 07:16:56,97,67194.32,4,,,
494,48,22,2016-06-03 18:24:58,2017-04-19 21:57:57,2018-01-12 20:45:53,89,156232.58,1,,,
495,15,23,2016-05-07 01:09:58,2017-08-04 20:39:21,2018-02-23 12:23:27,47,255618.31,4,1,53233,62518
496,33,24,2016-04-23 05:10:23,2017-07-18 02:01:55,2018-01-24 16:19:48,10,242201.33,4,1,110246,
497,49,27,2016-02-11 15:35:57,2017-05-27 19:13:58,2018-01-24 05:22:20,54,210249.13,4,1,88194,
498,48,28,2016-06-06 21:24:12,2017-08-14 22:52:30,2018-02-03 08:37:54,13,330486.95,2,1,145206,
499,13,23,2016-06-10 00:42:17,2017-04-12 11:06:55,2018-01-10 06:18:03,55,196640.66,1,1,98335,
500,30,27,2016-06-22 22:04:07,2017-08-11 02:19:26,2018-01-25 21:18:45,15,66639.2,1,1,85703,
501,6,11,2016-04-14 19:55:03,2017-04-15 11:13:06,2018-01-14 11:54:28,6,249283.61,2,,,
502,26,20,2016-04-07 02:10:21,2017-06-13 04:06:00,2018-02-12 12:20:58,85,177506.5,1,1,117341,
503,39,30,2016-01-17 01:03:01,2017-06-14 01:06:59,2018-02-04 19:50:46,95,121103.97,4,0,157944,
504,29,22,2016-01-22 15:47:42,2017-03-16 04:35:16,2018-02-03 17:07:51,39,145527.09,4,1,87084,
505,9,13,2016-02-17 17:29:03,2017-08-11 20:12:23,2018-01-06 21:27:25,46,320363.8,3,,,192522
506,3,24,2016-02-15 22:51:25,2017-07-01 12:31:13,2018-02-24 20:24:42,20,47841.99,1,,,
507,44,26,2016-02-19 05:57:53,2017-05-29 19:59:17,2018-02-09 09:00:09,27,291589.51,4,0,141685,
508,38,27,2016-04-16 20:04:12,2017-07-21 05:53:13,2018-03-07 07:17:51,42,56595.68,4,0,142380,
509,37,21,2016-04-01 21:24:27,2017-05-16 11:20:03,2018-02-07 01:38:56,98,69583.61,2,0,170447,
510,5,17,2016-06-20 10:53:41,2017-03-26 17:28:31,2018-01-09 03:51:07,48,228849.23,2,0,172009,
511,12,12,2016-07-09 23:59:12,2017-06-03 05:59:54,2018-03-07 06:21:13,88,99636.48,3,1,152285,
512,46,25,2016-02-28 00:30:43,2017-06-04 15:25:32,2018-02-02 20:24:58,13,160575.79,4,0,176142,179134
513,13,18,2016-05-04 05:51:42,2017-06-07 08:01:18,2018-01-05 11:31:49,59,324387.06,4,0,106594,
514,10,28,2016-03-22 21:19:40,2017-07-13 06:08:48,2018-01-01 10:35:45,55,50233.5,4,,,
515,24,19,2016-01-22 19:57:54,2017-06-13 01:44:25,2018-03-07 09:21:11,25,383842.0,2,,,
516,15,24,2016-07-05 13:48:07,2017-04-12 22:04:23,2018-01-02 13:28:03,19,195066.95,1,0,190050,
517,21,21,2016-05-30 07:36:52,2017-04-05 23:28:26,2018-01-22 01:22:50,91,93115.57,4,0,134921,
518,10,18,2016-05-18 04:43:34,2017-05-17 14:13:26,2018-01-16 22:40:48,74,176929.53,3,0,141097,
519,29,12,2016-06-10 16:42:16,2017-07-24 01:45:27,2018-01-10 07:29:55,40,230317.85,4,0,43725,
520,18,27,2016-05-02 10:52:42,2017-04-17 08:39:36,2018-02-13 14:28:57,42,300163.47,2,,,145191
521,14,23,2016-03-01 02:54:13,2017-04-27 08:30:21,2018-02-02 05:59:35,10,388746.54,2,1,145589,
522,23,30,2016-05-16 04:50:02,2017-06-07 13:14:56,2018-02-19 17:36:47,40,112582.31,4,,,
523,35,22,2016-06-10 17:38:48,2017-06-17 10:15:51,2018-02-17 10:50:40,50,247105.16,4,,,
524,34,23,2016-03-24 19:54:40,2017-04-01 16:20:20,2018-01-17 11:22:45,14,247839.78,2,0,134233,51370
525,9,28,2016-03-22 06:03:17,2017-04-25 19:55:58,2018-03-02 00:39:32,97,172111.37,2,0,178890,
526,20,28,2016-02-18 09:33:46,2017-06-13 19:04:32,2018-01-10 18:14:38,50,113541.68,3,,,
527,29,26,2016-02-01 11:29:35,2017-03-17 12:03:38,2018-03-14 20:05:54,97,122746.71,2,1,180874,85693
528,45,15,2016-02-28 08:10:51,2017-05-30 08:44:55,2018-02-14 04:32:39,69,228305.58,2,0,81400,
529,16,23,2016-06-02 22:05:01,2017-06-08 09:55:04,2018-02-28 23:05:49,61,289381.74,1,1,152601,
530,3,23,2016-03-12 02:45:59,2017-05-17 05:18:13,2018-02-11 18:04:41,33,303497.21,1,,,
531,49,26,2016-05-15 19:20:12,2017-06-15 09:12:36,2018-03-01 00:03:09,2,205728.13,4,0,124448,
532,24,12,2016-04-13 15:31:23,2017-05-31 00:35:50,2018-02-19 20:51:38,73,377003.77,3,1,84073,
533,2,21,2016-01-21 23:47:34,2017-03-28 00:33:52,2018-02-20 22:28:52,58,315098.25,3,,,
534,7,21,2016-05-25 08:02:12,2017-05-25 17:21:23,2018-02-25 08:55:33,33,38004.84,4,,,
535,44,29,2016-07-02 11:41:58,2017-05-31 14:47:06,2018-02-03 15:21:05,5,241416.62,1,0,98550,
536,30,12,2016-05-29 21:09:21,2017-04-03 23:43:07,2018-02-11 09:46:27,42,319479.52,2,1,54001,
537,17,16,2016-01-23 13:35:25,2017-07-23 07:12:38,2018-02-14 19:29:11,18,72650.82,3,,,
538,13,20,2016-01-17 01:48:25,2017-04-19 09:07:11,2018-03-07 13:11:23,74,148149.63,4,,,
539,13,10,2016-03-20 11:08:19,2017-04-16 07:27:54,2018-02-07 01:32:17,3,335614.04,4,1,47172,84825
540,50,15,2016-06-22 14:11:25,2017-06-08 23:44:56,2018-02-02 15:29:54,22,95110.08,3,0,73954,
541,40,11,2016-02-04 07:00:44,2017-06-18 17:20:14,2018-01-06 13:06:12,93,300607.66,3,,,
542,37,27,2016-04-14 15:59:42,2017-04-26 04:21:07,2018-01-07 18:08:16,50,155459.05,3,,,
543,41,14,2016-04-21 09:23:52,2017-08-15 03:34:35,2018-03-09 13:24:20,59,167057.58,4,0,53678,
544,23,12,2016-04-16 18:51:35,2017-07-09 08:23:58,2018-03-07 11:43:35,22,179842.03,2,,,
545,26,20,2016-04-29 13:35:41,2017-06-01 17:45:11,2018-02-16 07:03:50,94,269621.32,4,1,164648,
546,34,13,2016-04-29 13:24:06,2017-04-06 20:50:02,2018-03-06 18:57:18,22,67193.65,4,1,163536,
547,45,14,2016-05-25 14:36:46,2017-04-08 08:22:34,2018-02-16 20:17:42,100,237402.54,3,,,
548,2,23,2016-02-10 05:43:28,2017-05-18 22:43:16,2018-03-13 15:26:49,75,392403.95,2,0,162760,
549,16,28,2016-04-02 19:48:44,2017-07-20 13:44:35,2018-03-07 04:20:12,15,388914.91,4,,,
550,15,21,2016-05-31 18:46:24,2017-04-03 19:47:09,2018-02-20 15:48:00,48,166004.6,3,,,140989
551,31,10,2016-03-30 12:12:01,2017-08-21 23:22:23,2018-01-19 23:48:49,67,375070.46,4,0,198992,
552,36,16,2016-05-02 01:52:20,2017-06-04 01:30:03,2018-02-14 14:55:03,15,143144.85,3,0,58735,
553,28,22,2016-02-11 16:33:23,2017-07-17 11:18:51,2018-02-11 03:01:23,11,146340.2,4,,,
554,8,24,2016-04-14 18:00:31,2017-06-25 11:07:20,2018-01-02 05:07:44,89,134000.47,1,0,101497,
555,36,15,2016-03-22 04:28:32,2017-08-08 07:57:42,2018-02-22 16:28:37,46,184125.53,2,0,188903,87050
556,17,26,2016-06-08 20:54:56,2017-07-17 22:00:11,2018-01-24 06:12:51,91,378013.61,1,,,
557,42,28,2016-06-30 01:00:34,2017-08-08 02:24:22,2018-02-12 06:48:26,47,114431.61,1,1,149708,
558,35,12,2016-02-28 20:59:23,2017-08-05 20:53:54,2018-01-14 18:19:44,8,119412.67,3,0,193169,
559,3,26,2016-03-14 13:18:06,2017-05-12 10:29:19,2018-02-10 13:49:10,37,168079.37,3,1,91059,
560,9,26,2016-04-25 21:39:26,2017-05-07 14:39:52,2018-02-17 15:49:27,1,228202.92,3,1,74653,
561,50,22,2016-02-06 03:34:59,2017-05-15 23:41:26,2018-01-06 19:37:16,5,93473.94,4,0,61370,
562,22,30,2016-04-03 10:32:16,2017-05-10 02:26:17,2018-03-07 17:49:40,79,55469.46,3,,,
563,19,16,2016-06-02 19:31:42,2017-04-01 19:26:51,2018-01-12 06:51:22,95,208548.72,2,,,164752
564,30,26,2016-03-14 11:47:48,2017-06-03 09:14:42,2018-03-06 15:49:13,67,309581.07,4,1,89765,
565,16,15,2016-06-11 04:31:53,2017-06-13 09:36:00,2018-02-05 15:03:53,92,379581.02,3,0,94128,183329
566,10,23,2016-06-01 11:33:30,2017-03-21 18:24:11,2018-03-14 13:23:01,4,196701.12,4,1,97965,50952
567,14,15,2016-03-26 15:57:37,2017-04-11 15:59:02,2018-01-12 17:23:09,82,47179.3,4,,,
568,22,23,2016-05-30 18:09:38,2017-05-18 04:00:00,2018-01-11 11:09:02,41,246575.12,4,,,
569,17,13,2016-03-31 16:41:43,2017-06-29 15:14:51,2018-01-27 00:08:48,57,364598.74,2,0,159818,
570,18,21,2016-01-20 10:45:02,2017-07-10 07:47:59,2018-01-05 22:50:13,99,149138.49,1,,,
571,45,21,2016-02-08 21:41:02,2017-03-29 10:29:19,2018-01-03 14:06:25,82,152561.0,2,1,90569,
572,9,18,2016-06-17 12:50:29,2017-08-10 15:04:19,2018-03-06 01:38:53,81,239489.98,4,1,109761,70882
573,43,14,2016-05-05 09:25:24,2017-08-10 06:38:08,2018-01-11 16:35:50,57,393193.52,2,1,108822,
574,36,16,2016-06-02 13:53:51,2017-03-15 07:58:05,2018-03-09 22:48:52,53,89282.36,2,,,
575,41,24,2016-05-27 22:31:14,2017-06-23 06:23:49,2018-01-29 05:09:25,79,80957.42,4,,,170284
576,21,25,2016-07-01 10:32:00,2017-04-06 07:50:37,2018-02-17 08:45:55,99,109926.63,4,,,
577,40,21,2016-04-23 23:02:40,2017-04-17 20:45:19,2018-02-02 21:55:08,4,211891.24,4,,,
578,3,17,2016-04-03 11:55:40,2017-05-22 22:48:27,2018-01-07 09:19:08,59,75677.77,2,1,93388,
579,49,12,2016-05-12 14:40:43,2017-05-26 09:42:13,2018-02-15 12:07:03,11,283411.55,3,,,155873
580,47,20,2016-07-10 13:18:27,2017-03-24 10:09:42,2018-01-09 10:04:21,85,70225.22,1,1,86769,
581,24,28,2016-04-11 11:35:47,2017-06-05 05:18:57,2018-02-04 08:48:37,86,306851.43,2,0,64957,
582,5,16,2016-02-28 14:00:25,2017-07-15 05:01:56,2018-02-26 16:32:55,15,378229.57,1,0,168291,
583,6,13,2016-06-17 17:33:34,2017-03-15 16:43:31,2018-03-06 22:46:18,46,268436.67,2,0,115678,
584,35,30,2016-06-14 09:05:07,2017-08-21 06:11:42,2018-02-23 17:15:49,38,203058.39,3,0,126856,91111
585,7,28,2016-04-16 13:16:10,2017-04-16 13:12:43,2018-02-05 20:49:24,37,85411.06,3,,,
586,32,19,2016-07-08 08:34:02,2017-04-12 00:05:35,2018-02-05 08:17:21,7,31632.21,4,0,91545,
587,4,15,2016-03-22 10:42:45,2017-07-20 20:24:19,2018-01-16 17:02:02,72,343335.07,4,0,173191,
588,21,15,2016-04-15 19:01:02,2017-06-19 22:26:02,2018-01-06 02:31:29,9,346145.7,4,0,72440,
589,49,20,2016-07-06 23:58:42,2017-04-17 22:56:04,2018-01-20 00:12:14,94,396073.28,3,0,122300,
590,34,18,2016-02-11 07:22:37,2017-04-13 14:32:40,2018-02-25 01:32:51,50,273084.61,3,,,
591,47,11,2016-01-19 11:38:06,2017-06-25 04:48:39,2018-01-04 10:10:40,63,214005.18,2,,,
592,12,20,2016-02-19 17:52:31,2017-07-25 12:50:47,2018-03-10 02:21:57,62,31305.07,2,0,168651,
593,7,28,2016-01-18 00:04:32,2017-07-25 18:48:21,2018-01-23 11:16:59,56,97378.39,1,0,91806,
594,24,17,2016-06-01 11:55:21,2017-05-11 10:18:13,2018-01-13 11:20:06,75,131775.95,4,0,99588,
595,15,11,2016-04-17 20:15:50,2017-04-09 12:27:55,2018-01-04 01:54:00,70,362367.71,1,,,
596,21,18,2016-06-29 22:20:54,2017-07-13 22:50:49,2018-02-08 14:21:20,20,109976.07,1,0,149134,
597,36,23,2016-05-20 18:00:43,2017-06-11 13:25:43,2018-01-16 21:39:37,80,87271.51,3,1,133068,174301
598,35,25,2016-05-09 11:53:56,2017-04-15 16:26:10,2018-02-14 10:31:29,63,379318.3,4,,,
599,5,21,2016-05-31 06:05:56,2017-08-02 05:12:19,2018-02-13 06:08:06,28,211463.86,2,,,
600,12,19,2016-03-03 13:04:09,2017-05-27 09:03:01,2018-01-20 12:46:14,83,166320.1,2,,,
601,2,24,2016-06-27 00:36:02,2017-04-04 05:17:00,2018-01-12 07:01:24,76,236736.53,1,0,58874,
602,14,10,2016-06-22 09:27:54,2017-07-18 12:33:15,2018-01-15 19:12:27,17,307838.22,4,1,114180,
603,3,26,2016-06-14 13:25:12,2017-08-05 23:58:14,2018-01-14 06:13:31,66,45303.52,4,1,47063,
604,41,30,2016-01-12 11:55:58,2017-05-30 00:31:56,2018-02-24 05:10:58,100,289865.45,2,,,
605,46,16,2016-02-03 23:44:50,2017-06-01 22:47:59,2018-02-13 17:56:34,59,266210.6,2,1,186500,
606,48,18,2016-02-07 04:49:00,2017-08-06 11:44:59,2018-03-04 19:04:05,92,69664.01,2,,,73726
607,2,24,2016-04-19 03:51:20,2017-05-09 08:54:24,2018-01-07 08:29:30,54,257077.21,3,0,141396,105997
608,8,17,2016-05-22 21:40:36,2017-07-02 19:52:55,2018-02-28 06:02:08,68,284955.27,4,,,
609,13,11,2016-05-18 09:47:39,2017-04-20 18:19:39,2018-02-12 06:11:12,44,86226.86,4,1,107295,
610,32,12,2016-06-04 06:30:16,2017-05-11 09:04:14,2018-01-28 14:06:02,8,281269.34,3,0,53320,
611,5,27,2016-04-09 19:16:23,2017-05-23 12:46:37,2018-01-02 22:41:42,62,198260.25,4,1,65292,
612,25,26,2016-06-22 06:11:32,2017-06-21 17:08:57,2018-03-04 02:55:37,22,122457.05,2,0,188420,
613,4,23,2016-05-17 10:48:21,2017-04-04 03:56:08,2018-01-14 16:55:32,57,58688.31,3,,,
614,36,10,2016-05-12 23:59:50,2017-05-23 13:17:44,2018-02-14 15:17:26,73,192566.2,4,,,
615,3,12,2016-02-29 02:25:38,2017-04-28 07:19:00,2018-01-12 20:43:48,15,243324.65,4,0,130647,
616,16,29,2016-01-13 03:50:28,2017-05-29 00:27:12,2018-01-06 23:36:17,48,265474.46,3,1,152051,
617,41,27,2016-06-03 00:48:12,2017-05-15 04:59:35,2018-01-05 03:29:18,53,288013.87,1,,,
618,9,30,2016-04-25 08:29:01,2017-05-19 15:41:00,2018-01-05 18:09:24,40,149742.71,4,0,132034,
619,1,26,2016-02-12 23:20:44,2017-07-02 23:34:14,2018-03-01 23:01:21,24,33080.49,4,,,102412
620,14,13,2016-02-20 12:04:53,2017-08-09 20:04:07,2018-01-24 15:22:40,61,252505.4,3,1,147765,
621,49,13,2016-04-23 04:11:54,2017-06-07 02:10:20,2018-01-12 15:04:45,8,125627.65,1,0,124156,
622,24,17,2016-01-27 13:16:57,2017-04-23 22:22:12,2018-02-04 05:12:24,70,285271.1,4,,,
623,23,10,2016-06-03 05:51:22,2017-07-01 15:15:47,2018-01-14 19:14:35,25,213694.52,3,0,149617,
624,14,13,2016-06-15 00:51:07,2017-04-12 02:46:14,2018-01-14 22:58:16,46,74843.71,1,1,57831,199433
625,5,10,2016-04-29 16:50:51,2017-07-15 07:45:45,2018-01-01 22:23:05,64,101634.0,3,1,74648,
626,48,25,2016-06-25 17:07:45,2017-03-27 08:11:46,2018-03-07 08:09:54,95,335359.87,1,1,99649,
627,17,28,2016-02-10 15:30:32,2017-05-30 20:38:29,2018-01-17 20:12:34,87,140834.87,4,,,
628,21,27,2016-01-25 13:14:32,2017-04-17 13:52:26,2018-03-04 03:45:35,90,197144.01,3,,,
629,2,28,2016-05-15 18:06:10,2017-07-30 07:16:05,2018-02-07 03:34:33,52,35277.43,4,0,97474,
630,17,12,2016-02-19 16:17:53,2017-04-15 22:31:46,2018-01-09 22:53:44,12,234654.11,3,0,133893,91695
631,8,23,2016-01-22 05:45:47,2017-03-22 11:28:45,2018-01-18 10:12:16,23,136383.4,2,0,161265,
632,14,19,2016-05-02 02:06:21,2017-03-18 02:56:43,2018-02-16 13:45:58,76,346787.88,1,,,
633,9,10,2016-01-18 08:04:51,2017-03-19 20:03:34,2018-02-22 19:50:09,35,246402.96,1,0,104240,
634,37,16,2016-02-21 06:09:46,2017-07-02 01:24:57,2018-01-06 13:52:11,47,379116.11,3,,,
635,39,19,2016-04-10 09:29:53,2017-05-01 00:03:28,2018-03-13 03:08:21,80,185045.33,3,,,
636,30,12,2016-01-16 19:42:38,2017-08-18 07:32:29,2018-02-26 19:32:59,64,183184.31,2,,,
637,17,30,2016-06-25 08:50:28,2017-07-06 11:26:14,2018-01-24 07:11:21,33,303908.16,3,1,155445,115893
638,17,30,2016-03-10 07:56:31,2017-05-05 02:20:48,2018-02-08 06:27:33,3,96526.31,1,0,86287,
639,19,21,2016-07-06 22:43:25,2017-07-16 20:57:31,2018-01-03 09:14:46,96,375337.72,4,1,80994,138973
640,42,23,2016-06-06 10:47:53,2017-03-21 07:24:39,2018-01-26 00:02:41,56,67460.65,3,1,62272,
641,9,14,2016-03-14 05:10:31,2017-08-14 13:45:25,2018-03-13 17:04:38,80,157530.7,2,0,162962,176786
642,39,18,2016-04-22 13:32:49,2017-05-31 07:08:12,2018-01-15 22:34:25,31,121540.68,3,0,101553,
643,39,10,2016-06-20 17:39:10,2017-04-03 03:27:24,2018-02-11 14:32:23,47,308365.63,1,1,98271,
644,17,16,2016-06-20 00:35:54,2017-04-21 13:47:35,2018-01-22 06:16:46,82,219630.99,3,0,150582,93420
645,33,30,2016-04-20 20:52:11,2017-08-10 16:04:55,2018-01-16 16:08:17,89,335145.7,4,,,
646,14,19,2016-04-27 02:10:24,2017-06-26 07:26:23,2018-02-11 19:02:40,51,277581.18,1,1,42883,
647,28,27,2016-06-22 15:14:45,2017-04-01 13:16:56,2018-02-09 14:08:00,1,340153.45,2,1,80016,
648,7,30,2016-05-20 17:51:49,2017-06-11 22:47:38,2018-01-03 10:13:26,70,351184.22,3,1,87310,
649,35,19,2016-04-01 17:04:58,2017-04-18 11:49:44,2018-02-22 07:31:02,92,354065.53,2,0,116981,
650,49,13,2016-05-25 08:38:54,2017-05-22 09:23:49,2018-01-31 01:46:00,84,364645.96,1,1,138196,
651,22,15,2016-02-04 13:10:22,2017-05-15 11:00:12,2018-03-12 05:31:56,30,201475.04,1,,,
652,25,27,2016-02-01 21:33:01,2017-08-02 15:36:15,2018-01-01 06:15:33,62,320302.1,3,0,143967,
653,23,18,2016-02-05 09:55:11,2017-04-03 05:46:22,2018-02-07 14:18:22,70,289144.82,2,,,68535
654,27,10,2016-06-20 13:20:44,2017-08-17 07:09:23,2018-01-05 20:23:42,13,258115.64,2,0,123217,
655,13,14,2016-04-04 08:33:28,2017-03-18 03:10:17,2018-01-05 23:36:59,85,292751.72,1,0,163193,
656,44,14,2016-05-29 10:15:13,2017-06-05 02:06:03,2018-03-10 05:37:41,15,89685.97,1,,,
657,12,11,2016-06-07 03:12:36,2017-04-08 19:09:22,2018-01-13 13:14:00,40,219016.24,4,,,
658,2,25,2016-01-14 20:06:42,2017-08-11 19:28:17,2018-01-09 03:24:30,32,295782.58,1,1,53631,
659,16,25,2016-02-23 03:41:49,2017-07-25 06:09:17,2018-02-03 06:42:52,91,187113.42,1,0,133671,
660,36,26,2016-07-09 21:31:54,2017-03-23 10:15:50,2018-03-05 09:25:50,91,349181.54,1,1,190226,
661,39,27,2016-03-03 13:23:12,2017-04-28 00:20:45,2018-01-30 20:32:09,55,333880.18,3,1,86406,
662,14,11,2016-06-03 11:31:03,2017-03-21 05:33:26,2018-01-09 13:00:24,52,266428.82,4,1,148069,
663,20,20,2016-06-10 16:24:34,2017-03-28 16:49:14,2018-02-21 08:50:09,64,296583.63,4,1,197778,168519
664,50,24,2016-07-06 11:48:47,2017-07-17 09:08:06,2018-02-09 23:05:47,29,345190.47,4,,,
665,21,22,2016-07-01 14:28:41,2017-07-25 08:51:50,2018-02-09 21:12:21,78,83993.42,1,,,
666,3,17,2016-06-03 08:29:14,2017-05-11 13:32:38,2018-03-07 10:25:33,62,173475.5,1,0,155175,
667,3,18,2016-02-08 14:02:43,2017-05-24 23:14:02,2018-03-05 01:31:18,83,237309.45,4,,,
668,21,26,2016-02-04 05:30:19,2017-08-14 02:11:07,2018-01-14 05:29:42,47,79811.23,2,,,
669,5,19,2016-03-12 22:48:53,2017-06-14 09:33:32,2018-02-04 03:02:20,45,127222.55,4,,,
670,14,14,2016-02-04 22:52:03,2017-04-21 13:20:20,2018-03-03 16:00:14,59,354319.87,3,,,
671,32,26,2016-07-06 14:21:01,2017-07-20 06:51:11,2018-02-22 23:54:08,24,254114.25,1,1,146664,
672,7,10,2016-03-02 03:54:44,2017-05-17 01:10:32,2018-03-08 23:46:06,5,241706.5,3,0,90924,
673,48,13,2016-02-01 07:21:49,2017-08-14 12:38:03,2018-01-27 04:39:53,26,115476.43,3,1,195322,
674,29,19,2016-05-31 07:16:45,2017-08-16 21:28:32,2018-01-17 04:00:06,93,202494.0,2,1,120995,112366
675,28,21,2016-04-26 11:43:16,2017-05-28 11:20:49,2018-03-04 16:33:34,70,295943.01,2,1,122521,118194
676,5,27,2016-01-13 22:24:15,2017-07-04 04:04:19,2018-02-24 23:13:41,80,152916.9,2,,,
677,29,10,2016-01-27 15:19:47,2017-04-28 10:10:32,2018-02-23 04:12:33,45,145660.17,3,,,
678,27,16,2016-02-23 21:36:23,2017-04-19 01:15:47,2018-03-04 07:47:10,51,269503.42,1,,,
679,15,25,2016-05-27 07:13:48,2017-07-12 10:02:31,2018-01-11 11:56:29,80,393998.28,2,,,94937
680,12,22,2016-06-08 16:13:19,2017-04-08 07:39:05,2018-02-11 08:37:05,19,329483.31,1,,,
681,38,18,2016-05-12 20:51:44,2017-05-24 22:25:53,2018-02-24 20:49:54,6,59837.44,2,0,97628,154594
682,13,21,2016-02-23 11:13:08,2017-04-02 10:42:09,2018-01-11 16:37:24,54,73966.99,1,1,120164,
683,34,26,2016-03-11 16:29:51,2017-03-16 13:04:58,2018-01-26 14:05:44,64,366276.19,3,1,110481,
684,13,12,2016-03-07 22:32:39,2017-03-23 19:25:37,2018-01-19 21:02:09,72,278150.99,4,,,
685,10,14,2016-06-21 01:40:36,2017-06-09 18:16:45,2018-01-03 06:21:09,6,205830.0,1,0,182937,68631
686,37,29,2016-04-07 09:31:51,2017-08-15 12:48:52,2018-02-04 01:02:02,32,65696.69,4,0,126018,
687,38,20,2016-06-30 14:15:24,2017-07-31 05:37:10,2018-02-10 05:06:11,9,235237.4,3,1,161949,87571
688,39,25,2016-05-21 17:14:30,2017-04-25 03:55:57,2018-01-12 08:52:13,100,336438.02,1,,,
689,26,20,2016-06-22 00:17:40,2017-07-15 03:19:50,2018-02-01 19:53:12,83,263800.0,3,0,78056,
690,10,24,2016-05-21 01:53:13,2017-06-20 09:07:26,2018-02-18 06:42:38,11,298515.53,2,,,
691,46,22,2016-05-20 01:45:47,2017-08-07 23:07:26,2018-02-12 15:15:20,22,150211.2,4,,,48263
692,37,18,2016-06-21 20:58:37,2017-06-16 09:21:17,2018-02-07 14:21:52,25,90481.32,3,0,85527,
693,34,28,2016-01-21 12:54:11,2017-05-05 00:46:31,2018-01-06 10:27:36,12,371879.3,3,0,165469,
694,10,18,2016-06-13 23:37:56,2017-08-20 10:51:55,2018-03-12 00:14:23,22,325346.13,4,1,160549,158796
695,46,27,2016-06-05 11:52:52,2017-08-07 17:11:45,2018-01-23 22:33:09,18,282975.43,1,,,
696,26,12,2016-07-03 11:39:32,2017-07-17 03:46:31,2018-02-04 22:11:53,93,136529.09,3,,,
697,18,26,2016-02-17 08:05:39,2017-08-15 05:36:51,2018-02-24 11:11:20,81,205904.99,4,0,179176,
698,46,27,2016-04-14 06:20:38,2017-06-11 19:27:30,2018-02-19 13:42:41,98,214787.24,3,,,
699,43,19,2016-01-24 12:03:52,2017-07-27 04:09:46,2018-01-02 14:15:08,53,32795.31,1,1,118413,
700,30,18,2016-05-04 07:04:28,2017-05-06 07:51:12,2018-03-11 15:52:51,10,179979.58,1,,,
701,42,21,2016-01-18 04:52:34,2017-04-06 13:40:28,2018-01-24 16:59:28,11,101569.25,1,0,46106,
702,8,19,2016-07-04 03:04:23,2017-06-22 12:55:00,2018-02-06 09:13:38,10,100287.36,1,1,73066,
703,10,21,2016-06-05 17:48:18,2017-03-19 00:09:44,2018-02-26 04:06:16,73,397854.06,1,1,60427,
704,35,22,2016-02-03 14:24:12,2017-07-11 14:57:16,2018-01-26 09:55:59,58,73409.25,4,,,
705,48,18,2016-02-03 01:22:03,2017-05-03 00:26:15,2018-03-05 22:35:47,92,195329.52,4,0,60014,
706,5,29,2016-05-24 03:37:30,2017-08-14 04:55:35,2018-01-30 23:47:54,9,297618.15,3,,,
707,31,30,2016-05-21 11:05:09,2017-03-17 17:18:54,2018-03-02 08:35:25,83,59495.03,4,0,130297,
708,25,14,2016-04-03 11:53:06,2017-06-13 14:55:42,2018-02-17 12:41:52,59,183218.72,4,0,65719,47746
709,47,29,2016-02-03 23:50:07,2017-06-11 14:14:25,2018-02-14 15:01:15,67,310889.06,4,0,176976,
710,25,30,2016-02-19 10:36:07,2017-05-25 07:06:02,2018-02-04 15:20:52,65,236580.55,1,1,189901,129227
711,9,12,2016-03-09 09:21:01,2017-07-12 13:00:04,2018-03-05 04:13:29,87,392288.18,1,1,97088,
712,10,19,2016-04-23 02:54:45,2017-04-18 05:38:52,2018-03-04 11:43:32,21,336001.7,4,1,180302,
713,32,28,2016-02-23 00:30:31,2017-04-06 06:25:31,2018-02-07 21:09:38,2,262913.44,1,,,
714,7,18,2016-02-06 17:29:18,2017-06-23 15:35:28,2018-01-20 10:17:52,24,346047.94,4,,,
715,38,21,2016-06-13 02:31:58,2017-05-01 12:16:38,2018-03-11 17:01:09,31,42196.08,2,0,152759,
716,5,15,2016-04-06 20:34:28,2017-05-21 18:13:17,2018-01-15 20:58:22,3,112752.76,4,1,197714,
717,12,12,2016-02-21 01:57:35,2017-04-03 19:35:29,2018-02-24 03:38:02,69,140213.17,4,,,
718,5,30,2016-01-25 16:18:07,2017-06-02 23:12:00,2018-03-08 01:13:41,20,322783.48,1,1,68225,129499
719,33,21,2016-05-09 00:57:14,2017-04-04 18:54:54,2018-01-07 04:02:50,8,315676.61,2,0,169625,
720,6,27,2016-03-12 17:29:49,2017-06-29 15:54:53,2018-03-08 21:48:23,51,346457.04,4,,,
721,31,17,2016-01-20 17:02:36,2017-05-04 20:40:00,2018-01-10 03:31:50,30,335122.21,1,1,122454,
722,19,19,2016-03-10 04:34:11,2017-03-30 08:21:04,2018-02-25 20:26:09,67,310448.62,1,,,
723,13,13,2016-06-07 16:52:54,2017-08-06 04:35:12,2018-02-05 22:48:20,4,79736.76,4,,,
724,46,12,2016-05-21 00:47:14,2017-08-20 08:48:48,2018-03-05 09:49:07,100,375956.95,3,,,
725,7,25,2016-03-23 06:50:23,2017-08-01 10:42:47,2018-01-07 14:35:50,61,307000.44,1,,,
726,4,20,2016-01-16 12:57:45,2017-05-13 06:43:43,2018-03-10 23:24:53,71,171318.18,2,,,
727,48,24,2016-06-24 12:18:08,2017-03-31 14:38:35,2018-01-23 20:23:34,86,120846.44,4,0,176850,98815
728,35,24,2016-02-06 07:52:36,2017-07-19 02:52:05,2018-02-22 12:29:34,87,50372.27,2,0,172120,
729,16,13,2016-01-20 23:12:48,2017-06-28 05:47:19,2018-01-09 00:38:40,13,349060.45,3,,,145258
730,46,12,2016-02-23 15:02:51,2017-04-19 05:01:17,2018-02-17 16:06:57,10,56039.66,4,,,
731,45,10,2016-02-27 06:24:43,2017-03-28 11:47:43,2018-03-14 23:50:21,46,126971.14,3,,,
732,21,22,2016-01-29 10:33:25,2017-05-22 00:31:12,2018-02-10 15:02:49,84,257684.15,3,,,
733,40,21,2016-04-28 07:31:24,2017-03-29 04:37:39,2018-01-30 06:22:11,72,364697.0,2,,,
734,17,24,2016-04-08 19:05:19,2017-03-26 12:35:12,2018-02-25 05:58:24,88,154753.94,3,0,155833,
735,10,17,2016-07-09 02:11:13,2017-05-21 03:54:22,2018-02-09 16:46:13,59,126602.11,2,0,117765,106990
736,42,14,2016-05-16 06:31:24,2017-05-14 15:40:33,2018-01-16 15:39:02,19,109934.94,4,,,
737,46,21,2016-03-23 11:24:57,2017-08-05 05:26:35,2018-01-15 22:38:16,12,315378.56,3,1,177975,
738,11,19,2016-03-25 13:40:09,2017-03-23 12:31:09,2018-02-28 09:19:39,41,61973.95,4,1,53157,
739,50,18,2016-03-21 07:16:08,2017-04-06 16:29:10,2018-01-05 06:50:04,42,165301.86,1,0,172520,165482
740,1,26,2016-04-24 09:29:22,2017-08-18 21:00:31,2018-01-03 22:00:21,71,120286.44,3,0,116718,
741,6,15,2016-01-27 23:32:19,2017-05-30 07:32:39,2018-02-18 02:57:59,75,191959.43,3,0,169902,
742,3,14,2016-03-16 16:00:11,2017-08-10 11:50:11,2018-02-04 02:10:26,87,324005.8,3,0,147288,
743,45,19,2016-02-16 20:13:38,2017-05-22 15:36:33,2018-02-28 02:20:22,53,193646.33,1,1,102342,166063
744,46,28,2016-02-24 23:40:55,2017-06-18 10:01:47,2018-02-01 04:41:52,33,93775.64,2,0,133340,
745,46,19,2016-05-23 07:47:56,2017-07-24 05:01:31,2018-03-04 17:21:37,31,111715.9,4,,,118888
746,21,30,2016-02-14 11:33:15,2017-04-28 06:49:43,2018-02-13 18:45:11,4,373397.25,1,,,
747,36,14,2016-06-20 09:09:55,2017-08-18 09:10:04,2018-02-28 19:34:40,20,268080.75,1,0,79016,
748,26,24,2016-07-10 11:33:24,2017-08-18 12:48:19,2018-03-01 19:56:58,8,232188.18,1,1,85658,92678
749,44,24,2016-05-24 00:50:01,2017-03-21 23:24:17,2018-02-18 19:01:04,75,161218.82,2,1,188272,
750,9,29,2016-06-14 11:01:01,2017-04-06 05:10:21,2018-01-03 15:10:02,93,65073.83,4,1,103940,
751,48,13,2016-04-13 18:53:48,2017-03-20 23:57:09,2018-02-23 10:48:07,19,370243.65,3,1,43835,93184
752,13,21,2016-05-31 13:40:57,2017-06-09 00:41:27,2018-02-14 23:27:05,83,248183.96,3,0,174639,165393
753,50,28,2016-06-10 19:24:24,2017-04-07 07:29:54,2018-02-19 00:21:33,20,64016.96,2,1,115064,
754,21,17,2016-03-07 12:20:47,2017-04-30 08:38:02,2018-01-10 17:19:14,53,89328.02,4,0,110888,
755,20,19,2016-01-24 06:14:11,2017-08-05 00:13:16,2018-02-25 23:44:04,43,181360.76,1,1,90862,
756,33,11,2016-02-15 15:06:43,2017-08-11 13:58:29,2018-01-01 04:46:21,12,84395.27,3,,,99796
757,28,17,2016-04-25 08:53:40,2017-06-30 04:19:43,2018-03-12 15:02:38,88,146179.42,1,,,
758,31,21,2016-03-06 02:49:32,2017-03-20 13:59:26,2018-01-20 03:44:37,72,218703.68,1,0,140410,
759,23,13,2016-04-21 03:51:42,2017-08-09 10:03:52,2018-01-31 13:50:15,14,69674.34,2,1,111819,
760,23,18,2016-05-06 10:02:50,2017-08-18 14:07:38,2018-01-02 16:43:22,22,192833.56,2,0,148514,
761,16,25,2016-03-18 15:59:31,2017-04-05 05:16:43,2018-02-20 14:30:34,64,34740.23,1,,,
762,21,16,2016-01-25 05:05:44,2017-04-13 10:55:18,2018-01-04 23:29:10,67,222015.22,4,0,162349,
763,37,22,2016-01-30 21:47:39,2017-03-23 14:59:13,2018-01-12 02:13:35,26,336850.42,1,1,170174,
764,20,13,2016-02-04 09:34:07,2017-06-29 05:25:17,2018-01-18 23:22:05,42,320742.73,1,0,163287,
765,50,26,2016-06-24 17:21:59,2017-04-02 01:59:47,2018-01-22 20:51:43,83,341688.94,3,,,
766,33,13,2016-06-05 07:15:46,2017-08-17 22:56:48,2018-02-05 00:28:37,41,385917.13,2,,,
767,9,26,2016-03-31 16:35:26,2017-07-30 04:23:39,2018-01-20 19:00:49,1,95661.72,3,,,
768,7,15,2016-06-12 05:12:32,2017-07-31 07:35:52,2018-01-01 02:57:33,5,74780.21,3,,,
769,37,13,2016-05-15 15:51:45,2017-04-20 18:10:44,2018-02-14 14:26:35,9,98573.3,3,,,
770,25,19,2016-03-15 06:14:20,2017-04-02 01:56:48,2018-01-25 06:46:52,45,230823.11,1,0,68675,
771,49,21,2016-04-11 15:01:34,2017-04-17 11:22:47,2018-02-17 07:28:32,42,178564.82,3,1,139553,
772,6,22,2016-02-21 10:39:12,2017-06-16 16:09:45,2018-02-12 04:13:42,9,390737.92,1,,,
773,38,14,2016-06-26 08:33:34,2017-07-15 18:04:56,2018-02-18 18:47:38,31,395976.0,1,,,
774,45,26,2016-06-10 19:03:58,2017-07-13 20:21:36,2018-03-01 21:16:07,11,323454.31,2,1,144609,
775,29,30,2016-06-01 04:09:44,2017-05-18 01:57:18,2018-01-26 18:20:38,15,304221.43,4,,,
776,2,24,2016-01-16 23:43:50,2017-06-01 18:03:26,2018-01-15 10:06:02,67,241908.96,2,0,45883,
777,43,13,2016-06-22 22:32:41,2017-08-19 17:13:58,2018-03-05 01:30:00,49,53955.29,2,1,47082,161013
778,11,15,2016-04-15 13:06:05,2017-04-11 14:20:45,2018-02-16 17:19:14,21,212204.31,3,1,44122,
779,11,12,2016-02-29 00:48:01,2017-08-17 10:24:43,2018-01-28 21:22:01,33,363886.03,3,,,
780,19,22,2016-01-31 19:31:07,2017-08-11 03:45:12,2018-02-06 18:07:38,65,247684.13,3,0,175087,44898
781,43,24,2016-06-04 10:01:59,2017-08-05 03:35:45,2018-02-22 12:21:34,12,181250.89,3,0,171800,
782,35,20,2016-06-30 00:21:06,2017-04-26 22:24:59,2018-03-04 08:16:50,28,43926.05,4,,,
783,33,17,2016-03-31 21:53:58,2017-04-30 02:14:20,2018-02-10 23:37:53,6,43783.78,1,,,198349
784,17,27,2016-07-10 15:52:38,2017-07-24 12:36:37,2018-02-28 04:43:48,53,115501.64,2,1,69039,142644
785,23,30,2016-06-25 16:40:07,2017-04-17 12:36:26,2018-03-04 05:27:09,89,352617.05,2,,,
786,15,21,2016-03-23 02:57:01,2017-04-04 13:57:03,2018-03-09 02:51:52,45,101763.27,3,,,
787,6,13,2016-07-01 14:07:09,2017-08-19 11:10:57,2018-02-18 00:10:29,44,396104.71,3,,,
788,26,18,2016-02-10 05:41:07,2017-04-19 18:00:16,2018-02-22 03:11:34,17,238206.89,3,0,137530,
789,10,24,2016-02-05 04:28:41,2017-03-21 01:14:03,2018-02-24 00:24:30,43,226320.29,4,1,48890,
790,41,13,2016-04-15 03:35:03,2017-07-08 08:27:10,2018-02-10 05:35:59,74,143037.2,3,1,87063,
791,43,12,2016-02-17 23:31:32,2017-05-13 10:07:14,2018-02-07 16:39:42,62,290764.23,3,0,140738,
792,32,29,2016-06-18 21:54:19,2017-05-15 22:20:15,2018-01-02 16:29:33,24,34830.41,3,0,114928,
793,4,12,2016-01-14 21:04:32,2017-03-19 12:49:37,2018-01-29 23:47:25,24,334810.78,1,1,143641,
794,42,23,2016-02-15 06:47:04,2017-07-16 18:25:24,2018-01-10 08:27:16,95,162756.51,2,,,
795,3,29,2016-02-14 10:07:48,2017-03-24 04:35:35,2018-02-04 22:25:56,54,186101.85,1,1,169473,
796,46,12,2016-04-11 14:34:48,2017-04-25 15:25:58,2018-01-12 07:30:36,11,68702.4,4,0,88536,
797,23,25,2016-05-08 05:22:30,2017-06-30 17:54:23,2018-01-14 15:03:16,49,250476.3,1,,,
798,3,24,2016-06-15 08:24:23,2017-07-11 02:45:03,2018-02-03 09:40:29,71,90499.83,4,0,176427,
799,47,26,2016-04-10 23:55:32,2017-05-10 22:39:46,2018-01-16 19:13:17,13,169212.88,2,,,154944
800,29,12,2016-05-16 17:33:06,2017-05-17 10:44:34,2018-01-02 06:11:48,72,278745.7,4,1,85898,
